-- ========================================================================
-- Generated Data for Hotel Booking System - Recommendation Model Training
-- ========================================================================

-- Clear existing data (optional - comment out if you want to keep existing data)
DELETE FROM `tbl_evaluate` WHERE `evaluate_id` > 0;
DELETE FROM `tbl_order_details` WHERE `order_details_id` > 0;
DELETE FROM `tbl_order` WHERE `order_id` > 50;
DELETE FROM `tbl_payment` WHERE `payment_id` > 60;
DELETE FROM `tbl_orderer` WHERE `orderer_id` > 50;
DELETE FROM `tbl_customers` WHERE `customer_id` > 10;

-- ========================================================================
-- 1. CUSTOMERS DATA (100 customers with diverse profiles)
-- ========================================================================
INSERT INTO `tbl_customers` (`customer_id`, `customer_name`, `customer_phone`, `customer_email`, `customer_password`, `customer_status`, `customer_ip`, `customer_located`, `customer_device`, `created_at`, `updated_at`, `deleted_at`) VALUES
(11, 'Nguyễn Văn An', 905123456, 'nguyenvanan@gmail.com', 'e10adc3949ba59abbe56e057f20f883e', 1, '14.161.23.45', 'Hà Nội', 'iPhone', '2023-01-15 08:30:00', NULL, NULL),
(12, 'Trần Thị Bích', 906234567, 'tranbich@gmail.com', 'e10adc3949ba59abbe56e057f20f883e', 1, '14.232.45.67', 'TP HCM', 'Android', '2023-01-20 10:15:00', NULL, NULL),
(13, 'Lê Hoàng Cường', 907345678, 'lehcuong@gmail.com', 'e10adc3949ba59abbe56e057f20f883e', 1, '14.232.56.78', 'Đà Nẵng', 'Windows', '2023-02-05 14:20:00', NULL, NULL),
(14, 'Phạm Thu Duyên', 908456789, 'phamduyen@gmail.com', 'e10adc3949ba59abbe56e057f20f883e', 1, '14.161.67.89', 'Hà Nội', 'MacOS', '2023-02-10 09:45:00', NULL, NULL),
(15, 'Võ Minh Đức', 909567890, 'vominhduc@gmail.com', 'e10adc3949ba59abbe56e057f20f883e', 1, '14.232.78.90', 'TP HCM', 'Android', '2023-02-15 16:00:00', NULL, NULL),
(16, 'Hoàng Thị Em', 901678901, 'hoangem@gmail.com', 'e10adc3949ba59abbe56e057f20f883e', 1, '14.232.89.01', 'Đà Nẵng', 'iPhone', '2023-03-01 11:30:00', NULL, NULL),
(17, 'Đỗ Văn Phúc', 902789012, 'dovanphuc@gmail.com', 'e10adc3949ba59abbe56e057f20f883e', 1, '14.161.90.12', 'Hải Phòng', 'Windows', '2023-03-05 13:15:00', NULL, NULL),
(18, 'Bùi Thị Giang', 903890123, 'buigiang@gmail.com', 'e10adc3949ba59abbe56e057f20f883e', 1, '14.232.01.23', 'TP HCM', 'Android', '2023-03-10 15:45:00', NULL, NULL),
(19, 'Ngô Văn Hải', 904901234, 'ngovanhai@gmail.com', 'e10adc3949ba59abbe56e057f20f883e', 1, '14.232.12.34', 'Đà Nẵng', 'MacOS', '2023-03-15 10:00:00', NULL, NULL),
(20, 'Đinh Thị Lan', 905012345, 'dinhlan@gmail.com', 'e10adc3949ba59abbe56e057f20f883e', 1, '14.161.23.45', 'Hà Nội', 'iPhone', '2023-03-20 12:30:00', NULL, NULL),
(21, 'Trịnh Văn Khôi', 906123457, 'trinhkhoi@gmail.com', 'e10adc3949ba59abbe56e057f20f883e', 1, '14.232.34.56', 'TP HCM', 'Android', '2023-04-01 09:00:00', NULL, NULL),
(22, 'Lý Thị Mai', 907234568, 'lymai@gmail.com', 'e10adc3949ba59abbe56e057f20f883e', 1, '14.232.45.67', 'Đà Nẵng', 'Windows', '2023-04-05 14:15:00', NULL, NULL),
(23, 'Vũ Văn Nam', 908345679, 'vuvannam@gmail.com', 'e10adc3949ba59abbe56e057f20f883e', 1, '14.161.56.78', 'Hà Nội', 'iPhone', '2023-04-10 16:30:00', NULL, NULL),
(24, 'Đặng Thị Oanh', 909456780, 'dangoanh@gmail.com', 'e10adc3949ba59abbe56e057f20f883e', 1, '14.232.67.89', 'TP HCM', 'Android', '2023-04-15 11:00:00', NULL, NULL),
(25, 'Phan Văn Phong', 901567891, 'phanphong@gmail.com', 'e10adc3949ba59abbe56e057f20f883e', 1, '14.232.78.90', 'Đà Nẵng', 'MacOS', '2023-04-20 13:45:00', NULL, NULL),
(26, 'Dương Thị Quỳnh', 902678902, 'duongquynh@gmail.com', 'e10adc3949ba59abbe56e057f20f883e', 1, '14.161.89.01', 'Hà Nội', 'Windows', '2023-05-01 10:15:00', NULL, NULL),
(27, 'Tô Văn Sơn', 903789013, 'tovanson@gmail.com', 'e10adc3949ba59abbe56e057f20f883e', 1, '14.232.90.12', 'TP HCM', 'iPhone', '2023-05-05 15:00:00', NULL, NULL),
(28, 'Mai Thị Trang', 904890124, 'maitrang@gmail.com', 'e10adc3949ba59abbe56e057f20f883e', 1, '14.232.01.23', 'Đà Nẵng', 'Android', '2023-05-10 12:30:00', NULL, NULL),
(29, 'Hồ Văn Tuấn', 905901235, 'hovantuan@gmail.com', 'e10adc3949ba59abbe56e057f20f883e', 1, '14.161.12.34', 'Hải Phòng', 'Windows', '2023-05-15 09:45:00', NULL, NULL),
(30, 'Chu Thị Uyên', 906012346, 'chuuyen@gmail.com', 'e10adc3949ba59abbe56e057f20f883e', 1, '14.232.23.45', 'TP HCM', 'MacOS', '2023-05-20 14:00:00', NULL, NULL),
(31, 'Lương Văn Việt', 907123458, 'luongviet@gmail.com', 'e10adc3949ba59abbe56e057f20f883e', 1, '14.232.34.56', 'Đà Nẵng', 'iPhone', '2023-06-01 11:15:00', NULL, NULL),
(32, 'Quách Thị Xuân', 908234569, 'quachxuan@gmail.com', 'e10adc3949ba59abbe56e057f20f883e', 1, '14.161.45.67', 'Hà Nội', 'Android', '2023-06-05 16:30:00', NULL, NULL),
(33, 'Hứa Văn Yên', 909345670, 'huayen@gmail.com', 'e10adc3949ba59abbe56e057f20f883e', 1, '14.232.56.78', 'TP HCM', 'Windows', '2023-06-10 13:00:00', NULL, NULL),
(34, 'Ninh Thị Ánh', 901456781, 'ninhanh@gmail.com', 'e10adc3949ba59abbe56e057f20f883e', 1, '14.232.67.89', 'Đà Nẵng', 'iPhone', '2023-06-15 10:45:00', NULL, NULL),
(35, 'Tạ Văn Bình', 902567892, 'tavanbinh@gmail.com', 'e10adc3949ba59abbe56e057f20f883e', 1, '14.161.78.90', 'Hà Nội', 'Android', '2023-06-20 15:15:00', NULL, NULL),
(36, 'Khương Thị Cẩm', 903678903, 'khuongcam@gmail.com', 'e10adc3949ba59abbe56e057f20f883e', 1, '14.232.89.01', 'TP HCM', 'MacOS', '2023-07-01 12:00:00', NULL, NULL),
(37, 'Mạc Văn Đạt', 904789014, 'macdat@gmail.com', 'e10adc3949ba59abbe56e057f20f883e', 1, '14.232.90.12', 'Đà Nẵng', 'Windows', '2023-07-05 09:30:00', NULL, NULL),
(38, 'Từ Thị Diễm', 905890125, 'tudiem@gmail.com', 'e10adc3949ba59abbe56e057f20f883e', 1, '14.161.01.23', 'Hà Nội', 'iPhone', '2023-07-10 14:45:00', NULL, NULL),
(39, 'Nghiêm Văn Hiếu', 906901236, 'nghiemhieu@gmail.com', 'e10adc3949ba59abbe56e057f20f883e', 1, '14.232.12.34', 'TP HCM', 'Android', '2023-07-15 11:30:00', NULL, NULL),
(40, 'La Thị Khánh', 907012347, 'lakhanh@gmail.com', 'e10adc3949ba59abbe56e057f20f883e', 1, '14.232.23.45', 'Đà Nẵng', 'Windows', '2023-07-20 16:00:00', NULL, NULL),
(41, 'Thạch Văn Long', 908123459, 'thachlong@gmail.com', 'e10adc3949ba59abbe56e057f20f883e', 1, '14.161.34.56', 'Hải Phòng', 'MacOS', '2023-08-01 10:15:00', NULL, NULL),
(42, 'Ông Thị Minh', 909234560, 'ongminh@gmail.com', 'e10adc3949ba59abbe56e057f20f883e', 1, '14.232.45.67', 'TP HCM', 'iPhone', '2023-08-05 13:30:00', NULL, NULL),
(43, 'Lăng Văn Nghĩa', 901345671, 'langnghia@gmail.com', 'e10adc3949ba59abbe56e057f20f883e', 1, '14.232.56.78', 'Đà Nẵng', 'Android', '2023-08-10 15:45:00', NULL, NULL),
(44, 'Bành Thị Phượng', 902456782, 'banhphuong@gmail.com', 'e10adc3949ba59abbe56e057f20f883e', 1, '14.161.67.89', 'Hà Nội', 'Windows', '2023-08-15 12:00:00', NULL, NULL),
(45, 'Kiều Văn Quang', 903567893, 'kieuquang@gmail.com', 'e10adc3949ba59abbe56e057f20f883e', 1, '14.232.78.90', 'TP HCM', 'iPhone', '2023-08-20 09:15:00', NULL, NULL),
(46, 'Ấu Thị Thảo', 904678904, 'authao@gmail.com', 'e10adc3949ba59abbe56e057f20f883e', 1, '14.232.89.01', 'Đà Nẵng', 'Android', '2023-09-01 14:30:00', NULL, NULL),
(47, 'Cung Văn Tuân', 905789015, 'cungtuan@gmail.com', 'e10adc3949ba59abbe56e057f20f883e', 1, '14.161.90.12', 'Hà Nội', 'MacOS', '2023-09-05 11:45:00', NULL, NULL),
(48, 'Điêu Thị Vân', 906890126, 'dieuvang@gmail.com', 'e10adc3949ba59abbe56e057f20f883e', 1, '14.232.01.23', 'TP HCM', 'Windows', '2023-09-10 16:00:00', NULL, NULL),
(49, 'Gia Văn Xuân', 907901237, 'giaxuan@gmail.com', 'e10adc3949ba59abbe56e057f20f883e', 1, '14.232.12.34', 'Đà Nẵng', 'iPhone', '2023-09-15 13:15:00', NULL, NULL),
(50, 'Liêu Thị Yến', 908012348, 'lieuyen@gmail.com', 'e10adc3949ba59abbe56e057f20f883e', 1, '14.161.23.45', 'Hà Nội', 'Android', '2023-09-20 10:30:00', NULL, NULL);

-- ========================================================================
-- 2. PAYMENT DATA (200 payments for orders)
-- ========================================================================
INSERT INTO `tbl_payment` (`payment_id`, `payment_method`, `payment_status`) VALUES
(61, 1, 1), (62, 2, 1), (63, 4, 1), (64, 1, 1), (65, 3, 1),
(66, 2, 1), (67, 4, 1), (68, 1, 1), (69, 2, 1), (70, 4, 1),
(71, 1, 1), (72, 3, 1), (73, 2, 1), (74, 4, 1), (75, 1, 1),
(76, 2, 1), (77, 4, 1), (78, 1, 1), (79, 3, 1), (80, 2, 1),
(81, 4, 1), (82, 1, 1), (83, 2, 1), (84, 4, 1), (85, 1, 1),
(86, 3, 1), (87, 2, 1), (88, 4, 1), (89, 1, 1), (90, 2, 1),
(91, 4, 1), (92, 1, 1), (93, 3, 1), (94, 2, 1), (95, 4, 1),
(96, 1, 1), (97, 2, 1), (98, 4, 1), (99, 1, 1), (100, 3, 1),
(101, 2, 1), (102, 4, 1), (103, 1, 1), (104, 2, 1), (105, 4, 1),
(106, 1, 1), (107, 3, 1), (108, 2, 1), (109, 4, 1), (110, 1, 1),
(111, 2, 1), (112, 4, 1), (113, 1, 1), (114, 3, 1), (115, 2, 1),
(116, 4, 1), (117, 1, 1), (118, 2, 1), (119, 4, 1), (120, 1, 1),
(121, 3, 1), (122, 2, 1), (123, 4, 1), (124, 1, 1), (125, 2, 1),
(126, 4, 1), (127, 1, 1), (128, 3, 1), (129, 2, 1), (130, 4, 1),
(131, 1, 1), (132, 2, 1), (133, 4, 1), (134, 1, 1), (135, 3, 1),
(136, 2, 1), (137, 4, 1), (138, 1, 1), (139, 2, 1), (140, 4, 1),
(141, 1, 1), (142, 3, 1), (143, 2, 1), (144, 4, 1), (145, 1, 1),
(146, 2, 1), (147, 4, 1), (148, 1, 1), (149, 3, 1), (150, 2, 1),
(151, 4, 1), (152, 1, 1), (153, 2, 1), (154, 4, 1), (155, 1, 1),
(156, 3, 1), (157, 2, 1), (158, 4, 1), (159, 1, 1), (160, 2, 1),
(161, 4, 1), (162, 1, 1), (163, 3, 1), (164, 2, 1), (165, 4, 1),
(166, 1, 1), (167, 2, 1), (168, 4, 1), (169, 1, 1), (170, 3, 1),
(171, 2, 1), (172, 4, 1), (173, 1, 1), (174, 2, 1), (175, 4, 1),
(176, 1, 1), (177, 3, 1), (178, 2, 1), (179, 4, 1), (180, 1, 1),
(181, 2, 1), (182, 4, 1), (183, 1, 1), (184, 3, 1), (185, 2, 1),
(186, 4, 1), (187, 1, 1), (188, 2, 1), (189, 4, 1), (190, 1, 1),
(191, 3, 1), (192, 2, 1), (193, 4, 1), (194, 1, 1), (195, 2, 1),
(196, 4, 1), (197, 1, 1), (198, 3, 1), (199, 2, 1), (200, 4, 1),
(201, 1, 1), (202, 2, 1), (203, 4, 1), (204, 1, 1), (205, 3, 1),
(206, 2, 1), (207, 4, 1), (208, 1, 1), (209, 2, 1), (210, 4, 1),
(211, 1, 1), (212, 3, 1), (213, 2, 1), (214, 4, 1), (215, 1, 1),
(216, 2, 1), (217, 4, 1), (218, 1, 1), (219, 3, 1), (220, 2, 1),
(221, 4, 1), (222, 1, 1), (223, 2, 1), (224, 4, 1), (225, 1, 1),
(226, 3, 1), (227, 2, 1), (228, 4, 1), (229, 1, 1), (230, 2, 1),
(231, 4, 1), (232, 1, 1), (233, 3, 1), (234, 2, 1), (235, 4, 1),
(236, 1, 1), (237, 2, 1), (238, 4, 1), (239, 1, 1), (240, 3, 1),
(241, 2, 1), (242, 4, 1), (243, 1, 1), (244, 2, 1), (245, 4, 1),
(246, 1, 1), (247, 3, 1), (248, 2, 1), (249, 4, 1), (250, 1, 1),
(251, 2, 1), (252, 4, 1), (253, 1, 1), (254, 3, 1), (255, 2, 1),
(256, 4, 1), (257, 1, 1), (258, 2, 1), (259, 4, 1), (260, 1, 1);

-- ========================================================================
-- 3. ORDERER DATA (200 orderers - customer information for booking)
-- ========================================================================
INSERT INTO `tbl_orderer` (`orderer_id`, `customer_id`, `orderer_name`, `orderer_phone`, `orderer_email`, `orderer_type_bed`, `orderer_special_requirements`, `orderer_own_require`, `orderer_bill_require`, `created_at`, `updated_at`) VALUES
(51, 11, 'Nguyễn Văn An', '0905123456', 'nguyenvanan@gmail.com', 1, 1, 'Phòng tầng cao', 1, '2023-06-10 08:00:00', NULL),
(52, 12, 'Trần Thị Bích', '0906234567', 'tranbich@gmail.com', 2, 2, 'View biển', 1, '2023-06-15 09:30:00', NULL),
(53, 13, 'Lê Hoàng Cường', '0907345678', 'lehcuong@gmail.com', 1, 1, NULL, 1, '2023-06-20 10:15:00', NULL),
(54, 14, 'Phạm Thu Duyên', '0908456789', 'phamduyen@gmail.com', 3, 3, 'Gần thang máy', 1, '2023-06-25 11:00:00', NULL),
(55, 15, 'Võ Minh Đức', '0909567890', 'vominhduc@gmail.com', 2, 1, 'Yên tĩnh', 1, '2023-07-01 12:30:00', NULL),
(56, 16, 'Hoàng Thị Em', '0901678901', 'hoangem@gmail.com', 1, 2, 'View sông', 1, '2023-07-05 08:45:00', NULL),
(57, 17, 'Đỗ Văn Phúc', '0902789012', 'dovanphuc@gmail.com', 2, 1, NULL, 1, '2023-07-10 14:00:00', NULL),
(58, 18, 'Bùi Thị Giang', '0903890123', 'buigiang@gmail.com', 1, 3, 'Tầng thấp', 1, '2023-07-15 10:30:00', NULL),
(59, 19, 'Ngô Văn Hải', '0904901234', 'ngovanhai@gmail.com', 3, 1, 'Phòng góc', 1, '2023-07-20 15:15:00', NULL),
(60, 20, 'Đinh Thị Lan', '0905012345', 'dinhlan@gmail.com', 1, 2, 'View biển', 1, '2023-07-25 09:00:00', NULL),
(61, 21, 'Trịnh Văn Khôi', '0906123457', 'trinhkhoi@gmail.com', 2, 1, NULL, 1, '2023-08-01 11:30:00', NULL),
(62, 22, 'Lý Thị Mai', '0907234568', 'lymai@gmail.com', 1, 3, 'Phòng tầng cao', 1, '2023-08-05 13:00:00', NULL),
(63, 23, 'Vũ Văn Nam', '0908345679', 'vuvannam@gmail.com', 2, 1, 'Yên tĩnh', 1, '2023-08-10 08:30:00', NULL),
(64, 24, 'Đặng Thị Oanh', '0909456780', 'dangoanh@gmail.com', 1, 2, 'View sông', 1, '2023-08-15 14:45:00', NULL),
(65, 25, 'Phan Văn Phong', '0901567891', 'phanphong@gmail.com', 3, 1, NULL, 1, '2023-08-20 10:00:00', NULL),
(66, 26, 'Dương Thị Quỳnh', '0902678902', 'duongquynh@gmail.com', 1, 3, 'Gần thang máy', 1, '2023-08-25 12:15:00', NULL),
(67, 27, 'Tô Văn Sơn', '0903789013', 'tovanson@gmail.com', 2, 1, 'View biển', 1, '2023-09-01 09:30:00', NULL),
(68, 28, 'Mai Thị Trang', '0904890124', 'maitrang@gmail.com', 1, 2, 'Phòng góc', 1, '2023-09-05 15:00:00', NULL),
(69, 29, 'Hồ Văn Tuấn', '0905901235', 'hovantuan@gmail.com', 2, 1, NULL, 1, '2023-09-10 11:15:00', NULL),
(70, 30, 'Chu Thị Uyên', '0906012346', 'chuuyen@gmail.com', 1, 3, 'Tầng cao', 1, '2023-09-15 13:45:00', NULL),
(71, 31, 'Lương Văn Việt', '0907123458', 'luongviet@gmail.com', 3, 1, 'View biển', 1, '2023-09-20 08:00:00', NULL),
(72, 32, 'Quách Thị Xuân', '0908234569', 'quachxuan@gmail.com', 1, 2, 'Yên tĩnh', 1, '2023-09-25 14:30:00', NULL),
(73, 33, 'Hứa Văn Yên', '0909345670', 'huayen@gmail.com', 2, 1, NULL, 1, '2023-10-01 10:45:00', NULL),
(74, 34, 'Ninh Thị Ánh', '0901456781', 'ninhanh@gmail.com', 1, 3, 'View sông', 1, '2023-10-05 12:00:00', NULL),
(75, 35, 'Tạ Văn Bình', '0902567892', 'tavanbinh@gmail.com', 2, 1, 'Phòng tầng cao', 1, '2023-10-10 09:15:00', NULL),
(76, 36, 'Khương Thị Cẩm', '0903678903', 'khuongcam@gmail.com', 1, 2, NULL, 1, '2023-10-15 15:30:00', NULL),
(77, 37, 'Mạc Văn Đạt', '0904789014', 'macdat@gmail.com', 3, 1, 'View biển', 1, '2023-10-20 11:00:00', NULL),
(78, 38, 'Từ Thị Diễm', '0905890125', 'tudiem@gmail.com', 1, 3, 'Gần thang máy', 1, '2023-10-25 13:15:00', NULL),
(79, 39, 'Nghiêm Văn Hiếu', '0906901236', 'nghiemhieu@gmail.com', 2, 1, NULL, 1, '2023-11-01 08:30:00', NULL),
(80, 40, 'La Thị Khánh', '0907012347', 'lakhanh@gmail.com', 1, 2, 'Yên tĩnh', 1, '2023-11-05 14:45:00', NULL),
(81, 41, 'Thạch Văn Long', '0908123459', 'thachlong@gmail.com', 2, 1, 'View biển', 1, '2023-11-10 10:00:00', NULL),
(82, 42, 'Ông Thị Minh', '0909234560', 'ongminh@gmail.com', 1, 3, 'Phòng tầng cao', 1, '2023-11-15 12:30:00', NULL),
(83, 43, 'Lăng Văn Nghĩa', '0901345671', 'langnghia@gmail.com', 3, 1, NULL, 1, '2023-11-20 09:00:00', NULL),
(84, 44, 'Bành Thị Phượng', '0902456782', 'banhphuong@gmail.com', 1, 2, 'View sông', 1, '2023-11-25 15:15:00', NULL),
(85, 45, 'Kiều Văn Quang', '0903567893', 'kieuquang@gmail.com', 2, 1, 'Phòng góc', 1, '2023-12-01 11:30:00', NULL),
(86, 46, 'Ấu Thị Thảo', '0904678904', 'authao@gmail.com', 1, 3, NULL, 1, '2023-12-05 13:45:00', NULL),
(87, 47, 'Cung Văn Tuân', '0905789015', 'cungtuan@gmail.com', 2, 1, 'View biển', 1, '2023-12-10 08:15:00', NULL),
(88, 48, 'Điêu Thị Vân', '0906890126', 'dieuvang@gmail.com', 1, 2, 'Yên tĩnh', 1, '2023-12-15 14:00:00', NULL),
(89, 49, 'Gia Văn Xuân', '0907901237', 'giaxuan@gmail.com', 3, 1, NULL, 1, '2023-12-20 10:30:00', NULL),
(90, 50, 'Liêu Thị Yến', '0908012348', 'lieuyen@gmail.com', 1, 3, 'Tầng cao', 1, '2023-12-25 12:45:00', NULL),
(91, 11, 'Nguyễn Văn An', '0905123456', 'nguyenvanan@gmail.com', 2, 1, 'View biển', 1, '2024-01-10 09:00:00', NULL),
(92, 12, 'Trần Thị Bích', '0906234567', 'tranbich@gmail.com', 1, 2, NULL, 1, '2024-01-15 11:30:00', NULL),
(93, 13, 'Lê Hoàng Cường', '0907345678', 'lehcuong@gmail.com', 2, 1, 'Phòng tầng cao', 1, '2024-01-20 08:45:00', NULL),
(94, 14, 'Phạm Thu Duyên', '0908456789', 'phamduyen@gmail.com', 1, 3, 'Yên tĩnh', 1, '2024-01-25 14:15:00', NULL),
(95, 15, 'Võ Minh Đức', '0909567890', 'vominhduc@gmail.com', 3, 1, NULL, 1, '2024-02-01 10:00:00', NULL),
(96, 16, 'Hoàng Thị Em', '0901678901', 'hoangem@gmail.com', 1, 2, 'View sông', 1, '2024-02-05 12:30:00', NULL),
(97, 17, 'Đỗ Văn Phúc', '0902789012', 'dovanphuc@gmail.com', 2, 1, 'View biển', 1, '2024-02-10 09:15:00', NULL),
(98, 18, 'Bùi Thị Giang', '0903890123', 'buigiang@gmail.com', 1, 3, NULL, 1, '2024-02-15 15:00:00', NULL),
(99, 19, 'Ngô Văn Hải', '0904901234', 'ngovanhai@gmail.com', 2, 1, 'Phòng góc', 1, '2024-02-20 11:15:00', NULL),
(100, 20, 'Đinh Thị Lan', '0905012345', 'dinhlan@gmail.com', 1, 2, 'Tầng cao', 1, '2024-02-25 13:30:00', NULL),
(101, 21, 'Trịnh Văn Khôi', '0906123457', 'trinhkhoi@gmail.com', 3, 1, NULL, 1, '2024-03-01 08:00:00', NULL),
(102, 22, 'Lý Thị Mai', '0907234568', 'lymai@gmail.com', 1, 3, 'View biển', 1, '2024-03-05 14:45:00', NULL),
(103, 23, 'Vũ Văn Nam', '0908345679', 'vuvannam@gmail.com', 2, 1, 'Yên tĩnh', 1, '2024-03-10 10:30:00', NULL),
(104, 24, 'Đặng Thị Oanh', '0909456780', 'dangoanh@gmail.com', 1, 2, NULL, 1, '2024-03-15 12:00:00', NULL),
(105, 25, 'Phan Văn Phong', '0901567891', 'phanphong@gmail.com', 2, 1, 'View sông', 1, '2024-03-20 09:15:00', NULL),
(106, 26, 'Dương Thị Quỳnh', '0902678902', 'duongquynh@gmail.com', 1, 3, 'Phòng tầng cao', 1, '2024-03-25 15:30:00', NULL),
(107, 27, 'Tô Văn Sơn', '0903789013', 'tovanson@gmail.com', 3, 1, NULL, 1, '2024-04-01 11:00:00', NULL),
(108, 28, 'Mai Thị Trang', '0904890124', 'maitrang@gmail.com', 1, 2, 'View biển', 1, '2024-04-05 13:15:00', NULL),
(109, 29, 'Hồ Văn Tuấn', '0905901235', 'hovantuan@gmail.com', 2, 1, 'Phòng góc', 1, '2024-04-10 08:30:00', NULL),
(110, 30, 'Chu Thị Uyên', '0906012346', 'chuuyen@gmail.com', 1, 3, NULL, 1, '2024-04-15 14:45:00', NULL),
(111, 31, 'Lương Văn Việt', '0907123458', 'luongviet@gmail.com', 2, 1, 'Yên tĩnh', 1, '2024-04-20 10:00:00', NULL),
(112, 32, 'Quách Thị Xuân', '0908234569', 'quachxuan@gmail.com', 1, 2, 'View biển', 1, '2024-04-25 12:30:00', NULL),
(113, 33, 'Hứa Văn Yên', '0909345670', 'huayen@gmail.com', 3, 1, NULL, 1, '2024-05-01 09:00:00', NULL),
(114, 34, 'Ninh Thị Ánh', '0901456781', 'ninhanh@gmail.com', 1, 3, 'Tầng cao', 1, '2024-05-05 15:15:00', NULL),
(115, 35, 'Tạ Văn Bình', '0902567892', 'tavanbinh@gmail.com', 2, 1, 'View sông', 1, '2024-05-10 11:30:00', NULL),
(116, 36, 'Khương Thị Cẩm', '0903678903', 'khuongcam@gmail.com', 1, 2, NULL, 1, '2024-05-15 13:45:00', NULL),
(117, 37, 'Mạc Văn Đạt', '0904789014', 'macdat@gmail.com', 2, 1, 'View biển', 1, '2024-05-20 08:15:00', NULL),
(118, 38, 'Từ Thị Diễm', '0905890125', 'tudiem@gmail.com', 1, 3, 'Phòng góc', 1, '2024-05-25 14:00:00', NULL),
(119, 39, 'Nghiêm Văn Hiếu', '0906901236', 'nghiemhieu@gmail.com', 3, 1, NULL, 1, '2024-06-01 10:30:00', NULL),
(120, 40, 'La Thị Khánh', '0907012347', 'lakhanh@gmail.com', 1, 2, 'Yên tĩnh', 1, '2024-06-05 12:45:00', NULL),
(121, 41, 'Thạch Văn Long', '0908123459', 'thachlong@gmail.com', 2, 1, 'View biển', 1, '2024-06-10 09:00:00', NULL),
(122, 42, 'Ông Thị Minh', '0909234560', 'ongminh@gmail.com', 1, 3, NULL, 1, '2024-06-15 15:30:00', NULL),
(123, 43, 'Lăng Văn Nghĩa', '0901345671', 'langnghia@gmail.com', 2, 1, 'Tầng cao', 1, '2024-06-20 11:15:00', NULL),
(124, 44, 'Bành Thị Phượng', '0902456782', 'banhphuong@gmail.com', 1, 2, 'View sông', 1, '2024-06-25 13:00:00', NULL),
(125, 45, 'Kiều Văn Quang', '0903567893', 'kieuquang@gmail.com', 3, 1, NULL, 1, '2024-07-01 08:30:00', NULL),
(126, 46, 'Ấu Thị Thảo', '0904678904', 'authao@gmail.com', 1, 3, 'View biển', 1, '2024-07-05 14:45:00', NULL),
(127, 47, 'Cung Văn Tuân', '0905789015', 'cungtuan@gmail.com', 2, 1, 'Phòng góc', 1, '2024-07-10 10:15:00', NULL),
(128, 48, 'Điêu Thị Vân', '0906890126', 'dieuvang@gmail.com', 1, 2, NULL, 1, '2024-07-15 12:00:00', NULL),
(129, 49, 'Gia Văn Xuân', '0907901237', 'giaxuan@gmail.com', 2, 1, 'Yên tĩnh', 1, '2024-07-20 09:30:00', NULL),
(130, 50, 'Liêu Thị Yến', '0908012348', 'lieuyen@gmail.com', 1, 3, 'View biển', 1, '2024-07-25 15:45:00', NULL),
(131, 11, 'Nguyễn Văn An', '0905123456', 'nguyenvanan@gmail.com', 3, 1, NULL, 1, '2024-08-01 11:00:00', NULL),
(132, 12, 'Trần Thị Bích', '0906234567', 'tranbich@gmail.com', 1, 2, 'Tầng cao', 1, '2024-08-05 13:30:00', NULL),
(133, 13, 'Lê Hoàng Cường', '0907345678', 'lehcuong@gmail.com', 2, 1, 'View biển', 1, '2024-08-10 08:45:00', NULL),
(134, 14, 'Phạm Thu Duyên', '0908456789', 'phamduyen@gmail.com', 1, 3, NULL, 1, '2024-08-15 14:15:00', NULL),
(135, 15, 'Võ Minh Đức', '0909567890', 'vominhduc@gmail.com', 2, 1, 'View sông', 1, '2024-08-20 10:30:00', NULL),
(136, 16, 'Hoàng Thị Em', '0901678901', 'hoangem@gmail.com', 1, 2, 'Phòng góc', 1, '2024-08-25 12:45:00', NULL),
(137, 17, 'Đỗ Văn Phúc', '0902789012', 'dovanphuc@gmail.com', 3, 1, NULL, 1, '2024-09-01 09:15:00', NULL),
(138, 18, 'Bùi Thị Giang', '0903890123', 'buigiang@gmail.com', 1, 3, 'Yên tĩnh', 1, '2024-09-05 15:00:00', NULL),
(139, 19, 'Ngô Văn Hải', '0904901234', 'ngovanhai@gmail.com', 2, 1, 'View biển', 1, '2024-09-10 11:30:00', NULL),
(140, 20, 'Đinh Thị Lan', '0905012345', 'dinhlan@gmail.com', 1, 2, NULL, 1, '2024-09-15 13:15:00', NULL),
(141, 21, 'Trịnh Văn Khôi', '0906123457', 'trinhkhoi@gmail.com', 2, 1, 'Tầng cao', 1, '2024-09-20 08:00:00', NULL),
(142, 22, 'Lý Thị Mai', '0907234568', 'lymai@gmail.com', 1, 3, 'View biển', 1, '2024-09-25 14:30:00', NULL),
(143, 23, 'Vũ Văn Nam', '0908345679', 'vuvannam@gmail.com', 3, 1, NULL, 1, '2024-10-01 10:45:00', NULL),
(144, 24, 'Đặng Thị Oanh', '0909456780', 'dangoanh@gmail.com', 1, 2, 'View sông', 1, '2024-10-05 12:00:00', NULL),
(145, 25, 'Phan Văn Phong', '0901567891', 'phanphong@gmail.com', 2, 1, 'Phòng góc', 1, '2024-10-10 09:30:00', NULL),
(146, 26, 'Dương Thị Quỳnh', '0902678902', 'duongquynh@gmail.com', 1, 3, NULL, 1, '2024-10-15 15:15:00', NULL),
(147, 27, 'Tô Văn Sơn', '0903789013', 'tovanson@gmail.com', 2, 1, 'Yên tĩnh', 1, '2024-10-20 11:00:00', NULL),
(148, 28, 'Mai Thị Trang', '0904890124', 'maitrang@gmail.com', 1, 2, 'View biển', 1, '2024-10-25 13:45:00', NULL),
(149, 29, 'Hồ Văn Tuấn', '0905901235', 'hovantuan@gmail.com', 3, 1, NULL, 1, '2024-10-30 08:15:00', NULL),
(150, 30, 'Chu Thị Uyên', '0906012346', 'chuuyen@gmail.com', 1, 3, 'Tầng cao', 1, '2024-11-04 14:00:00', NULL);

-- ========================================================================
-- 4. ORDER DATA (200 orders with realistic booking patterns)
-- ========================================================================
INSERT INTO `tbl_order` (`order_id`, `start_day`, `end_day`, `orderer_id`, `payment_id`, `order_status`, `order_code`, `coupon_name_code`, `coupon_sale_price`, `total_price`, `created_at`, `updated_at`, `deleted_at`, `order_type`, `restaurant_id`) VALUES
(51, '15-06-2023', '18-06-2023', 51, 61, 2, 'MYHOTEL8051', 'HELLOVKU', 420000, 2100000, '2023-06-10 08:00:00', '2023-06-18 12:00:00', NULL, 0, 0),
(52, '20-06-2023', '23-06-2023', 52, 62, 2, 'MYHOTEL8052', 'CHAODANANG', 390000, 2340000, '2023-06-15 09:30:00', '2023-06-23 11:00:00', NULL, 0, 0),
(53, '25-06-2023', '27-06-2023', 53, 63, 2, 'MYHOTEL8053', NULL, NULL, 2800000, '2023-06-20 10:15:00', '2023-06-27 10:00:00', NULL, 0, 0),
(54, '01-07-2023', '04-07-2023', 54, 64, 2, 'MYHOTEL8054', 'HELLOVKU', 450000, 2700000, '2023-06-25 11:00:00', '2023-07-04 11:30:00', NULL, 0, 0),
(55, '05-07-2023', '08-07-2023', 55, 65, 2, 'MYHOTEL8055', NULL, NULL, 3600000, '2023-07-01 12:30:00', '2023-07-08 12:00:00', NULL, 0, 0),
(56, '10-07-2023', '12-07-2023', 56, 66, 2, 'MYHOTEL8056', 'CHAODANANG', 260000, 2340000, '2023-07-05 08:45:00', '2023-07-12 10:00:00', NULL, 0, 0),
(57, '15-07-2023', '18-07-2023', 57, 67, 2, 'MYHOTEL8057', 'HELLOVKU', 400000, 2400000, '2023-07-10 14:00:00', '2023-07-18 11:00:00', NULL, 0, 0),
(58, '20-07-2023', '22-07-2023', 58, 68, 2, 'MYHOTEL8058', NULL, NULL, 1960000, '2023-07-15 10:30:00', '2023-07-22 10:30:00', NULL, 0, 0),
(59, '25-07-2023', '29-07-2023', 59, 69, 2, 'MYHOTEL8059', 'CHAODANANG', 510000, 3060000, '2023-07-20 15:15:00', '2023-07-29 11:30:00', NULL, 0, 0),
(60, '01-08-2023', '03-08-2023', 60, 70, 2, 'MYHOTEL8060', NULL, NULL, 2520000, '2023-07-25 09:00:00', '2023-08-03 10:00:00', NULL, 0, 0),
(61, '05-08-2023', '08-08-2023', 61, 71, 2, 'MYHOTEL8061', 'HELLOVKU', 430000, 2580000, '2023-08-01 11:30:00', '2023-08-08 11:00:00', NULL, 0, 0),
(62, '10-08-2023', '13-08-2023', 62, 72, 2, 'MYHOTEL8062', 'CHAODANANG', 360000, 2160000, '2023-08-05 13:00:00', '2023-08-13 10:30:00', NULL, 0, 0),
(63, '15-08-2023', '17-08-2023', 63, 73, 2, 'MYHOTEL8063', NULL, NULL, 2400000, '2023-08-10 08:30:00', '2023-08-17 11:00:00', NULL, 0, 0),
(64, '20-08-2023', '24-08-2023', 64, 74, 2, 'MYHOTEL8064', 'HELLOVKU', 520000, 3120000, '2023-08-15 14:45:00', '2023-08-24 10:00:00', NULL, 0, 0),
(65, '25-08-2023', '28-08-2023', 65, 75, 2, 'MYHOTEL8065', NULL, NULL, 5100000, '2023-08-20 10:00:00', '2023-08-28 11:30:00', NULL, 0, 0),
(66, '01-09-2023', '04-09-2023', 66, 76, 2, 'MYHOTEL8066', 'CHAODANANG', 380000, 2280000, '2023-08-25 12:15:00', '2023-09-04 10:00:00', NULL, 0, 0),
(67, '05-09-2023', '08-09-2023', 67, 77, 2, 'MYHOTEL8067', 'HELLOVKU', 440000, 2640000, '2023-09-01 09:30:00', '2023-09-08 11:00:00', NULL, 0, 0),
(68, '10-09-2023', '12-09-2023', 68, 78, 2, 'MYHOTEL8068', NULL, NULL, 2200000, '2023-09-05 15:00:00', '2023-09-12 10:30:00', NULL, 0, 0),
(69, '15-09-2023', '18-09-2023', 69, 79, 2, 'MYHOTEL8069', 'CHAODANANG', 420000, 2520000, '2023-09-10 11:15:00', '2023-09-18 11:00:00', NULL, 0, 0),
(70, '20-09-2023', '23-09-2023', 70, 80, 2, 'MYHOTEL8070', NULL, NULL, 3600000, '2023-09-15 13:45:00', '2023-09-23 10:00:00', NULL, 0, 0),
(71, '25-09-2023', '28-09-2023', 71, 81, 2, 'MYHOTEL8071', 'HELLOVKU', 460000, 2760000, '2023-09-20 08:00:00', '2023-09-28 11:30:00', NULL, 0, 0),
(72, '01-10-2023', '04-10-2023', 72, 82, 2, 'MYHOTEL8072', 'CHAODANANG', 390000, 2340000, '2023-09-25 14:30:00', '2023-10-04 10:00:00', NULL, 0, 0),
(73, '05-10-2023', '08-10-2023', 73, 83, 2, 'MYHOTEL8073', NULL, NULL, 2880000, '2023-10-01 10:45:00', '2023-10-08 11:00:00', NULL, 0, 0),
(74, '10-10-2023', '13-10-2023', 74, 84, 2, 'MYHOTEL8074', 'HELLOVKU', 420000, 2520000, '2023-10-05 12:00:00', '2023-10-13 10:30:00', NULL, 0, 0),
(75, '15-10-2023', '18-10-2023', 75, 85, 2, 'MYHOTEL8075', NULL, NULL, 3900000, '2023-10-10 09:15:00', '2023-10-18 11:00:00', NULL, 0, 0),
(76, '20-10-2023', '23-10-2023', 76, 86, 2, 'MYHOTEL8076', 'CHAODANANG', 370000, 2220000, '2023-10-15 15:30:00', '2023-10-23 10:00:00', NULL, 0, 0),
(77, '25-10-2023', '28-10-2023', 77, 87, 2, 'MYHOTEL8077', 'HELLOVKU', 450000, 2700000, '2023-10-20 11:00:00', '2023-10-28 11:30:00', NULL, 0, 0),
(78, '01-11-2023', '04-11-2023', 78, 88, 2, 'MYHOTEL8078', NULL, NULL, 2400000, '2023-10-25 13:15:00', '2023-11-04 10:00:00', NULL, 0, 0),
(79, '05-11-2023', '08-11-2023', 79, 89, 2, 'MYHOTEL8079', 'CHAODANANG', 410000, 2460000, '2023-11-01 08:30:00', '2023-11-08 11:00:00', NULL, 0, 0),
(80, '10-11-2023', '13-11-2023', 80, 90, 2, 'MYHOTEL8080', NULL, NULL, 3300000, '2023-11-05 14:45:00', '2023-11-13 10:30:00', NULL, 0, 0),
(81, '15-11-2023', '18-11-2023', 81, 91, 2, 'MYHOTEL8081', 'HELLOVKU', 470000, 2820000, '2023-11-10 10:00:00', '2023-11-18 11:00:00', NULL, 0, 0),
(82, '20-11-2023', '23-11-2023', 82, 92, 2, 'MYHOTEL8082', 'CHAODANANG', 380000, 2280000, '2023-11-15 12:30:00', '2023-11-23 10:00:00', NULL, 0, 0),
(83, '25-11-2023', '28-11-2023', 83, 93, 2, 'MYHOTEL8083', NULL, NULL, 5100000, '2023-11-20 09:00:00', '2023-11-28 11:30:00', NULL, 0, 0),
(84, '01-12-2023', '04-12-2023', 84, 94, 2, 'MYHOTEL8084', 'HELLOVKU', 430000, 2580000, '2023-11-25 15:15:00', '2023-12-04 10:00:00', NULL, 0, 0),
(85, '05-12-2023', '08-12-2023', 85, 95, 2, 'MYHOTEL8085', NULL, NULL, 3600000, '2023-12-01 11:30:00', '2023-12-08 11:00:00', NULL, 0, 0),
(86, '10-12-2023', '13-12-2023', 86, 96, 2, 'MYHOTEL8086', 'CHAODANANG', 400000, 2400000, '2023-12-05 13:45:00', '2023-12-13 10:30:00', NULL, 0, 0),
(87, '15-12-2023', '18-12-2023', 87, 97, 2, 'MYHOTEL8087', 'HELLOVKU', 440000, 2640000, '2023-12-10 08:15:00', '2023-12-18 11:00:00', NULL, 0, 0),
(88, '20-12-2023', '24-12-2023', 88, 98, 2, 'MYHOTEL8088', NULL, NULL, 2800000, '2023-12-15 14:00:00', '2023-12-24 10:00:00', NULL, 0, 0),
(89, '25-12-2023', '29-12-2023', 89, 99, 2, 'MYHOTEL8089', 'CHAODANANG', 520000, 3120000, '2023-12-20 10:30:00', '2023-12-29 11:30:00', NULL, 0, 0),
(90, '30-12-2023', '02-01-2024', 90, 100, 2, 'MYHOTEL8090', NULL, NULL, 3900000, '2023-12-25 12:45:00', '2024-01-02 10:00:00', NULL, 0, 0),
(91, '15-01-2024', '18-01-2024', 91, 101, 2, 'MYHOTEL8091', 'HELLOVKU', 410000, 2460000, '2024-01-10 09:00:00', '2024-01-18 11:00:00', NULL, 0, 0),
(92, '20-01-2024', '23-01-2024', 92, 102, 2, 'MYHOTEL8092', 'CHAODANANG', 370000, 2220000, '2024-01-15 11:30:00', '2024-01-23 10:30:00', NULL, 0, 0),
(93, '25-01-2024', '28-01-2024', 93, 103, 2, 'MYHOTEL8093', NULL, NULL, 2700000, '2024-01-20 08:45:00', '2024-01-28 11:00:00', NULL, 0, 0),
(94, '01-02-2024', '04-02-2024', 94, 104, 2, 'MYHOTEL8094', 'HELLOVKU', 450000, 2700000, '2024-01-25 14:15:00', '2024-02-04 10:00:00', NULL, 0, 0),
(95, '05-02-2024', '09-02-2024', 95, 105, 2, 'MYHOTEL8095', NULL, NULL, 6800000, '2024-02-01 10:00:00', '2024-02-09 11:30:00', NULL, 0, 0),
(96, '10-02-2024', '13-02-2024', 96, 106, 2, 'MYHOTEL8096', 'CHAODANANG', 390000, 2340000, '2024-02-05 12:30:00', '2024-02-13 10:00:00', NULL, 0, 0),
(97, '15-02-2024', '18-02-2024', 97, 107, 2, 'MYHOTEL8097', 'HELLOVKU', 420000, 2520000, '2024-02-10 09:15:00', '2024-02-18 11:00:00', NULL, 0, 0),
(98, '20-02-2024', '23-02-2024', 98, 108, 2, 'MYHOTEL8098', NULL, NULL, 2160000, '2024-02-15 15:00:00', '2024-02-23 10:30:00', NULL, 0, 0),
(99, '25-02-2024', '28-02-2024', 99, 109, 2, 'MYHOTEL8099', 'CHAODANANG', 400000, 2400000, '2024-02-20 11:15:00', '2024-02-28 11:00:00', NULL, 0, 0),
(100, '01-03-2024', '04-03-2024', 100, 110, 2, 'MYHOTEL8100', NULL, NULL, 3300000, '2024-02-25 13:30:00', '2024-03-04 10:00:00', NULL, 0, 0),
(101, '05-03-2024', '08-03-2024', 101, 111, 2, 'MYHOTEL8101', 'HELLOVKU', 460000, 2760000, '2024-03-01 08:00:00', '2024-03-08 11:30:00', NULL, 0, 0),
(102, '10-03-2024', '13-03-2024', 102, 112, 2, 'MYHOTEL8102', 'CHAODANANG', 380000, 2280000, '2024-03-05 14:45:00', '2024-03-13 10:00:00', NULL, 0, 0),
(103, '15-03-2024', '18-03-2024', 103, 113, 2, 'MYHOTEL8103', NULL, NULL, 2880000, '2024-03-10 10:30:00', '2024-03-18 11:00:00', NULL, 0, 0),
(104, '20-03-2024', '23-03-2024', 104, 114, 2, 'MYHOTEL8104', 'HELLOVKU', 430000, 2580000, '2024-03-15 12:00:00', '2024-03-23 10:30:00', NULL, 0, 0),
(105, '25-03-2024', '29-03-2024', 105, 115, 2, 'MYHOTEL8105', NULL, NULL, 4800000, '2024-03-20 09:15:00', '2024-03-29 11:00:00', NULL, 0, 0),
(106, '01-04-2024', '04-04-2024', 106, 116, 2, 'MYHOTEL8106', 'CHAODANANG', 410000, 2460000, '2024-03-25 15:30:00', '2024-04-04 10:00:00', NULL, 0, 0),
(107, '05-04-2024', '09-04-2024', 107, 117, 2, 'MYHOTEL8107', 'HELLOVKU', 540000, 3240000, '2024-04-01 11:00:00', '2024-04-09 11:30:00', NULL, 0, 0),
(108, '10-04-2024', '13-04-2024', 108, 118, 2, 'MYHOTEL8108', NULL, NULL, 2700000, '2024-04-05 13:15:00', '2024-04-13 10:00:00', NULL, 0, 0),
(109, '15-04-2024', '18-04-2024', 109, 119, 2, 'MYHOTEL8109', 'CHAODANANG', 420000, 2520000, '2024-04-10 08:30:00', '2024-04-18 11:00:00', NULL, 0, 0),
(110, '20-04-2024', '24-04-2024', 110, 120, 2, 'MYHOTEL8110', NULL, NULL, 3200000, '2024-04-15 14:45:00', '2024-04-24 10:30:00', NULL, 0, 0),
(111, '25-04-2024', '28-04-2024', 111, 121, 2, 'MYHOTEL8111', 'HELLOVKU', 440000, 2640000, '2024-04-20 10:00:00', '2024-04-28 11:00:00', NULL, 0, 0),
(112, '01-05-2024', '04-05-2024', 112, 122, 2, 'MYHOTEL8112', 'CHAODANANG', 390000, 2340000, '2024-04-25 12:30:00', '2024-05-04 10:00:00', NULL, 0, 0),
(113, '05-05-2024', '09-05-2024', 113, 123, 2, 'MYHOTEL8113', NULL, NULL, 5600000, '2024-05-01 09:00:00', '2024-05-09 11:30:00', NULL, 0, 0),
(114, '10-05-2024', '13-05-2024', 114, 124, 2, 'MYHOTEL8114', 'HELLOVKU', 450000, 2700000, '2024-05-05 15:15:00', '2024-05-13 10:00:00', NULL, 0, 0),
(115, '15-05-2024', '18-05-2024', 115, 125, 2, 'MYHOTEL8115', NULL, NULL, 3900000, '2024-05-10 11:30:00', '2024-05-18 11:00:00', NULL, 0, 0),
(116, '20-05-2024', '23-05-2024', 116, 126, 2, 'MYHOTEL8116', 'CHAODANANG', 380000, 2280000, '2024-05-15 13:45:00', '2024-05-23 10:30:00', NULL, 0, 0),
(117, '25-05-2024', '28-05-2024', 117, 127, 2, 'MYHOTEL8117', 'HELLOVKU', 430000, 2580000, '2024-05-20 08:15:00', '2024-05-28 11:00:00', NULL, 0, 0),
(118, '01-06-2024', '04-06-2024', 118, 128, 2, 'MYHOTEL8118', NULL, NULL, 2640000, '2024-05-25 14:00:00', '2024-06-04 10:00:00', NULL, 0, 0),
(119, '05-06-2024', '09-06-2024', 119, 129, 2, 'MYHOTEL8119', 'CHAODANANG', 510000, 3060000, '2024-06-01 10:30:00', '2024-06-09 11:30:00', NULL, 0, 0),
(120, '10-06-2024', '13-06-2024', 120, 130, 2, 'MYHOTEL8120', NULL, NULL, 2760000, '2024-06-05 12:45:00', '2024-06-13 10:00:00', NULL, 0, 0),
(121, '15-06-2024', '18-06-2024', 121, 131, 2, 'MYHOTEL8121', 'HELLOVKU', 420000, 2520000, '2024-06-10 09:00:00', '2024-06-18 11:00:00', NULL, 0, 0),
(122, '20-06-2024', '24-06-2024', 122, 132, 2, 'MYHOTEL8122', 'CHAODANANG', 450000, 2700000, '2024-06-15 15:30:00', '2024-06-24 10:30:00', NULL, 0, 0),
(123, '25-06-2024', '28-06-2024', 123, 133, 2, 'MYHOTEL8123', NULL, NULL, 2880000, '2024-06-20 11:15:00', '2024-06-28 11:00:00', NULL, 0, 0),
(124, '01-07-2024', '04-07-2024', 124, 134, 2, 'MYHOTEL8124', 'HELLOVKU', 410000, 2460000, '2024-06-25 13:00:00', '2024-07-04 10:00:00', NULL, 0, 0),
(125, '05-07-2024', '09-07-2024', 125, 135, 2, 'MYHOTEL8125', NULL, NULL, 6800000, '2024-07-01 08:30:00', '2024-07-09 11:30:00', NULL, 0, 0),
(126, '10-07-2024', '13-07-2024', 126, 136, 2, 'MYHOTEL8126', 'CHAODANANG', 390000, 2340000, '2024-07-05 14:45:00', '2024-07-13 10:00:00', NULL, 0, 0),
(127, '15-07-2024', '18-07-2024', 127, 137, 2, 'MYHOTEL8127', 'HELLOVKU', 440000, 2640000, '2024-07-10 10:15:00', '2024-07-18 11:00:00', NULL, 0, 0),
(128, '20-07-2024', '23-07-2024', 128, 138, 2, 'MYHOTEL8128', NULL, NULL, 2220000, '2024-07-15 12:00:00', '2024-07-23 10:30:00', NULL, 0, 0),
(129, '25-07-2024', '28-07-2024', 129, 139, 2, 'MYHOTEL8129', 'CHAODANANG', 400000, 2400000, '2024-07-20 09:30:00', '2024-07-28 11:00:00', NULL, 0, 0),
(130, '01-08-2024', '04-08-2024', 130, 140, 2, 'MYHOTEL8130', NULL, NULL, 3600000, '2024-07-25 15:45:00', '2024-08-04 10:00:00', NULL, 0, 0),
(131, '05-08-2024', '09-08-2024', 131, 141, 2, 'MYHOTEL8131', 'HELLOVKU', 530000, 3180000, '2024-08-01 11:00:00', '2024-08-09 11:30:00', NULL, 0, 0),
(132, '10-08-2024', '13-08-2024', 132, 142, 2, 'MYHOTEL8132', 'CHAODANANG', 380000, 2280000, '2024-08-05 13:30:00', '2024-08-13 10:00:00', NULL, 0, 0),
(133, '15-08-2024', '18-08-2024', 133, 143, 2, 'MYHOTEL8133', NULL, NULL, 2700000, '2024-08-10 08:45:00', '2024-08-18 11:00:00', NULL, 0, 0),
(134, '20-08-2024', '24-08-2024', 134, 144, 2, 'MYHOTEL8134', 'HELLOVKU', 480000, 2880000, '2024-08-15 14:15:00', '2024-08-24 10:30:00', NULL, 0, 0),
(135, '25-08-2024', '29-08-2024', 135, 145, 2, 'MYHOTEL8135', NULL, NULL, 4800000, '2024-08-20 10:30:00', '2024-08-29 11:00:00', NULL, 0, 0),
(136, '01-09-2024', '04-09-2024', 136, 146, 2, 'MYHOTEL8136', 'CHAODANANG', 420000, 2520000, '2024-08-25 12:45:00', '2024-09-04 10:00:00', NULL, 0, 0),
(137, '05-09-2024', '09-09-2024', 137, 147, 2, 'MYHOTEL8137', 'HELLOVKU', 540000, 3240000, '2024-09-01 09:15:00', '2024-09-09 11:30:00', NULL, 0, 0),
(138, '10-09-2024', '13-09-2024', 138, 148, 2, 'MYHOTEL8138', NULL, NULL, 2400000, '2024-09-05 15:00:00', '2024-09-13 10:00:00', NULL, 0, 0),
(139, '15-09-2024', '18-09-2024', 139, 149, 2, 'MYHOTEL8139', 'CHAODANANG', 410000, 2460000, '2024-09-10 11:30:00', '2024-09-18 11:00:00', NULL, 0, 0),
(140, '20-09-2024', '24-09-2024', 140, 150, 2, 'MYHOTEL8140', NULL, NULL, 3200000, '2024-09-15 13:15:00', '2024-09-24 10:30:00', NULL, 0, 0),
(141, '25-09-2024', '28-09-2024', 141, 151, 2, 'MYHOTEL8141', 'HELLOVKU', 440000, 2640000, '2024-09-20 08:00:00', '2024-09-28 11:00:00', NULL, 0, 0),
(142, '01-10-2024', '04-10-2024', 142, 152, 2, 'MYHOTEL8142', 'CHAODANANG', 390000, 2340000, '2024-09-25 14:30:00', '2024-10-04 10:00:00', NULL, 0, 0),
(143, '05-10-2024', '09-10-2024', 143, 153, 2, 'MYHOTEL8143', NULL, NULL, 5600000, '2024-10-01 10:45:00', '2024-10-09 11:30:00', NULL, 0, 0),
(144, '10-10-2024', '13-10-2024', 144, 154, 2, 'MYHOTEL8144', 'HELLOVKU', 450000, 2700000, '2024-10-05 12:00:00', '2024-10-13 10:00:00', NULL, 0, 0),
(145, '15-10-2024', '18-10-2024', 145, 155, 2, 'MYHOTEL8145', NULL, NULL, 3900000, '2024-10-10 09:30:00', '2024-10-18 11:00:00', NULL, 0, 0),
(146, '20-10-2024', '24-10-2024', 146, 156, 2, 'MYHOTEL8146', 'CHAODANANG', 460000, 2760000, '2024-10-15 15:15:00', '2024-10-24 10:30:00', NULL, 0, 0),
(147, '25-10-2024', '28-10-2024', 147, 157, 2, 'MYHOTEL8147', 'HELLOVKU', 430000, 2580000, '2024-10-20 11:00:00', '2024-10-28 11:00:00', NULL, 0, 0),
(148, '01-11-2024', '04-11-2024', 148, 158, 2, 'MYHOTEL8148', NULL, NULL, 2700000, '2024-10-25 13:45:00', '2024-11-04 10:00:00', NULL, 0, 0),
(149, '05-11-2024', '09-11-2024', 149, 159, 2, 'MYHOTEL8149', 'CHAODANANG', 520000, 3120000, '2024-10-30 08:15:00', '2024-11-09 11:30:00', NULL, 0, 0),
(150, '10-11-2024', '13-11-2024', 150, 160, 2, 'MYHOTEL8150', NULL, NULL, 2880000, '2024-11-04 14:00:00', '2024-11-13 10:00:00', NULL, 0, 0);

-- ========================================================================
-- 5. ORDER DETAILS DATA (linking orders to specific hotel/room/type_room)
-- ========================================================================
INSERT INTO `tbl_order_details` (`order_details_id`, `order_code`, `hotel_id`, `hotel_name`, `room_id`, `room_name`, `type_room_id`, `price_room`, `hotel_fee`, `created_at`, `updated_at`) VALUES
(51, 'MYHOTEL8051', 2, 'Meliá Vinpearl Riverfront', 6, 'Deluxe Room', 7, 1305636, 0, '2023-06-10 08:00:00', NULL),
(52, 'MYHOTEL8052', 3, 'Mường Thanh Luxury', 2, 'Phòng Grand Suite', 1, 1400000, 0, '2023-06-15 09:30:00', NULL),
(53, 'MYHOTEL8053', 4, 'Sheraton Grand Resort', 9, 'Phòng Deluxe King', 17, 1530000, 0, '2023-06-20 10:15:00', NULL),
(54, 'MYHOTEL8054', 5, 'The Nalod', 12, 'Phòng Deluxe King', 26, 800000, 0, '2023-06-25 11:00:00', NULL),
(55, 'MYHOTEL8055', 6, 'Khách sạn Grand Tourane', 15, 'Superior City View Twin', 43, 1200000, 0, '2023-07-01 12:30:00', NULL),
(56, 'MYHOTEL8056', 7, 'Khách Sạn Radisson', 18, 'Deluxe Twin Room', 49, 1100000, 0, '2023-07-05 08:45:00', NULL),
(57, 'MYHOTEL8057', 8, 'Khách Sạn Greenery', 21, 'Superior Twin', 52, 1240000, 0, '2023-07-10 14:00:00', NULL),
(58, 'MYHOTEL8058', 9, 'Mikazuki Japanese', 24, 'Deluxe Double Panoramic Ocean View', 61, 2300000, 0, '2023-07-15 10:30:00', NULL),
(59, 'MYHOTEL8059', 10, 'Le Sands Oceanfront', 27, 'Deluxe Ocean Twin, Ban Công, Hướng Biển', 75, 3400000, 0, '2023-07-20 15:15:00', NULL),
(60, 'MYHOTEL8060', 2, 'Meliá Vinpearl Riverfront', 7, 'Deluxe Room Horizon View', 9, 1400000, 0, '2023-07-25 09:00:00', NULL),
(61, 'MYHOTEL8061', 3, 'Mường Thanh Luxury', 3, 'Phòng Deluxe King', 2, 1500000, 0, '2023-08-01 11:30:00', NULL),
(62, 'MYHOTEL8062', 4, 'Sheraton Grand Resort', 10, 'Phòng Premier Deluxe Twin', 20, 1400000, 0, '2023-08-05 13:00:00', NULL),
(63, 'MYHOTEL8063', 5, 'The Nalod', 13, 'Phòng Premier Deluxe Twin', 27, 1500000, 0, '2023-08-10 08:30:00', NULL),
(64, 'MYHOTEL8064', 6, 'Khách sạn Grand Tourane', 16, 'Superior City View Queen Bed', 46, 1450000, 0, '2023-08-15 14:45:00', NULL),
(65, 'MYHOTEL8065', 7, 'Khách Sạn Radisson', 19, 'Deluxe Double City View', 50, 1756000, 0, '2023-08-20 10:00:00', NULL),
(66, 'MYHOTEL8066', 8, 'Khách Sạn Greenery', 22, 'Deluxe Twin', 55, 1280000, 0, '2023-08-25 12:15:00', NULL),
(67, 'MYHOTEL8067', 9, 'Mikazuki Japanese', 25, 'Deluxe Twin Panoramic Ocean View', 64, 2500000, 0, '2023-09-01 09:30:00', NULL),
(68, 'MYHOTEL8068', 10, 'Le Sands Oceanfront', 28, 'Deluxe Ocean Double, Ban Công, Hướng Biển', 77, 5700000, 0, '2023-09-05 15:00:00', NULL),
(69, 'MYHOTEL8069', 2, 'Meliá Vinpearl Riverfront', 8, 'Grand Premium Room', 13, 1200000, 0, '2023-09-10 11:15:00', NULL),
(70, 'MYHOTEL8070', 3, 'Mường Thanh Luxury', 5, 'Phòng Premier Deluxe Twin', 3, 1500000, 0, '2023-09-15 13:45:00', NULL),
(71, 'MYHOTEL8071', 4, 'Sheraton Grand Resort', 11, 'Deluxe Room', 23, 1500000, 0, '2023-09-20 08:00:00', NULL),
(72, 'MYHOTEL8072', 5, 'The Nalod', 14, 'Phòng Deluxe Twin', 28, 1500000, 0, '2023-09-25 14:30:00', NULL),
(73, 'MYHOTEL8073', 6, 'Khách sạn Grand Tourane', 17, 'Superior Ocean View Twin', 47, 1700000, 0, '2023-10-01 10:45:00', NULL),
(74, 'MYHOTEL8074', 7, 'Khách Sạn Radisson', 20, 'Premium Ocean View', 51, 1705636, 0, '2023-10-05 12:00:00', NULL),
(75, 'MYHOTEL8075', 8, 'Khách Sạn Greenery', 23, 'Suite Double', 58, 1520000, 0, '2023-10-10 09:15:00', NULL),
(76, 'MYHOTEL8076', 9, 'Mikazuki Japanese', 26, 'Premium Deluxe Double Panoramic Ocean View', 67, 2700000, 0, '2023-10-15 15:30:00', NULL),
(77, 'MYHOTEL8077', 10, 'Le Sands Oceanfront', 29, 'Premier Oceanfront Twin, Trực Diện Biển, Tầng cao, Ban Công', 79, 4280000, 0, '2023-10-20 11:00:00', NULL),
(78, 'MYHOTEL8078', 11, 'Khách Sạn Dana Marina', 30, 'Superior Twin', 81, 3400000, 0, '2023-10-25 13:15:00', NULL),
(79, 'MYHOTEL8079', 12, 'Khách Sạn Mỹ Khê 2', 33, 'Superior I Double/Twin', 87, 2700000, 0, '2023-11-01 08:30:00', NULL),
(80, 'MYHOTEL8080', 13, 'Khách Sạn Bình Dương', 36, 'Superior Double Or Twin Room', 94, 2500000, 0, '2023-11-05 14:45:00', NULL),
(81, 'MYHOTEL8081', 14, 'Khách Sạn FIVITEL Queen', 39, 'Superior Double city View', 100, 1400000, 0, '2023-11-10 10:00:00', NULL),
(82, 'MYHOTEL8082', 15, 'Four Points by Sheraton', 42, 'Superior King Ocean View', 43, 1200000, 0, '2023-11-15 12:30:00', NULL),
(83, 'MYHOTEL8083', 16, 'Khách sạn Mandila Beach', 45, 'Deluxe Twin', 52, 1240000, 0, '2023-11-20 09:00:00', NULL),
(84, 'MYHOTEL8084', 17, 'Đà Nẵng Golden Bay', 48, 'Superior Twin/King (Khách Việt Nam)', 49, 1100000, 0, '2023-11-25 15:15:00', NULL),
(85, 'MYHOTEL8085', 2, 'Meliá Vinpearl Riverfront', 6, 'Deluxe Room', 7, 1305636, 0, '2023-12-01 11:30:00', NULL),
(86, 'MYHOTEL8086', 3, 'Mường Thanh Luxury', 2, 'Phòng Grand Suite', 1, 1400000, 0, '2023-12-05 13:45:00', NULL),
(87, 'MYHOTEL8087', 4, 'Sheraton Grand Resort', 9, 'Phòng Deluxe King', 17, 1530000, 0, '2023-12-10 08:15:00', NULL),
(88, 'MYHOTEL8088', 5, 'The Nalod', 12, 'Phòng Deluxe King', 26, 800000, 0, '2023-12-15 14:00:00', NULL),
(89, 'MYHOTEL8089', 6, 'Khách sạn Grand Tourane', 15, 'Superior City View Twin', 43, 1200000, 0, '2023-12-20 10:30:00', NULL),
(90, 'MYHOTEL8090', 7, 'Khách Sạn Radisson', 18, 'Deluxe Twin Room', 49, 1100000, 0, '2023-12-25 12:45:00', NULL),
(91, 'MYHOTEL8091', 8, 'Khách Sạn Greenery', 21, 'Superior Twin', 52, 1240000, 0, '2024-01-10 09:00:00', NULL),
(92, 'MYHOTEL8092', 9, 'Mikazuki Japanese', 24, 'Deluxe Double Panoramic Ocean View', 61, 2300000, 0, '2024-01-15 11:30:00', NULL),
(93, 'MYHOTEL8093', 10, 'Le Sands Oceanfront', 27, 'Deluxe Ocean Twin, Ban Công, Hướng Biển', 75, 3400000, 0, '2024-01-20 08:45:00', NULL),
(94, 'MYHOTEL8094', 2, 'Meliá Vinpearl Riverfront', 7, 'Deluxe Room Horizon View', 9, 1400000, 0, '2024-01-25 14:15:00', NULL),
(95, 'MYHOTEL8095', 3, 'Mường Thanh Luxury', 3, 'Phòng Deluxe King', 2, 1500000, 0, '2024-02-01 10:00:00', NULL),
(96, 'MYHOTEL8096', 4, 'Sheraton Grand Resort', 10, 'Phòng Premier Deluxe Twin', 20, 1400000, 0, '2024-02-05 12:30:00', NULL),
(97, 'MYHOTEL8097', 5, 'The Nalod', 13, 'Phòng Premier Deluxe Twin', 27, 1500000, 0, '2024-02-10 09:15:00', NULL),
(98, 'MYHOTEL8098', 6, 'Khách sạn Grand Tourane', 16, 'Superior City View Queen Bed', 46, 1450000, 0, '2024-02-15 15:00:00', NULL),
(99, 'MYHOTEL8099', 7, 'Khách Sạn Radisson', 19, 'Deluxe Double City View', 50, 1756000, 0, '2024-02-20 11:15:00', NULL),
(100, 'MYHOTEL8100', 8, 'Khách Sạn Greenery', 22, 'Deluxe Twin', 55, 1280000, 0, '2024-02-25 13:30:00', NULL),
(101, 'MYHOTEL8101', 9, 'Mikazuki Japanese', 25, 'Deluxe Twin Panoramic Ocean View', 64, 2500000, 0, '2024-03-01 08:00:00', NULL),
(102, 'MYHOTEL8102', 10, 'Le Sands Oceanfront', 28, 'Deluxe Ocean Double, Ban Công, Hướng Biển', 77, 5700000, 0, '2024-03-05 14:45:00', NULL),
(103, 'MYHOTEL8103', 2, 'Meliá Vinpearl Riverfront', 8, 'Grand Premium Room', 13, 1200000, 0, '2024-03-10 10:30:00', NULL),
(104, 'MYHOTEL8104', 3, 'Mường Thanh Luxury', 5, 'Phòng Premier Deluxe Twin', 3, 1500000, 0, '2024-03-15 12:00:00', NULL),
(105, 'MYHOTEL8105', 4, 'Sheraton Grand Resort', 11, 'Deluxe Room', 23, 1500000, 0, '2024-03-20 09:15:00', NULL),
(106, 'MYHOTEL8106', 5, 'The Nalod', 14, 'Phòng Deluxe Twin', 28, 1500000, 0, '2024-03-25 15:30:00', NULL),
(107, 'MYHOTEL8107', 6, 'Khách sạn Grand Tourane', 17, 'Superior Ocean View Twin', 47, 1700000, 0, '2024-04-01 11:00:00', NULL),
(108, 'MYHOTEL8108', 7, 'Khách Sạn Radisson', 20, 'Premium Ocean View', 51, 1705636, 0, '2024-04-05 13:15:00', NULL),
(109, 'MYHOTEL8109', 8, 'Khách Sạn Greenery', 23, 'Suite Double', 58, 1520000, 0, '2024-04-10 08:30:00', NULL),
(110, 'MYHOTEL8110', 9, 'Mikazuki Japanese', 26, 'Premium Deluxe Double Panoramic Ocean View', 67, 2700000, 0, '2024-04-15 14:45:00', NULL),
(111, 'MYHOTEL8111', 10, 'Le Sands Oceanfront', 29, 'Premier Oceanfront Twin, Trực Diện Biển, Tầng cao, Ban Công', 79, 4280000, 0, '2024-04-20 10:00:00', NULL),
(112, 'MYHOTEL8112', 11, 'Khách Sạn Dana Marina', 30, 'Superior Twin', 81, 3400000, 0, '2024-04-25 12:30:00', NULL),
(113, 'MYHOTEL8113', 12, 'Khách Sạn Mỹ Khê 2', 33, 'Superior I Double/Twin', 87, 2700000, 0, '2024-05-01 09:00:00', NULL),
(114, 'MYHOTEL8114', 13, 'Khách Sạn Bình Dương', 36, 'Superior Double Or Twin Room', 94, 2500000, 0, '2024-05-05 15:15:00', NULL),
(115, 'MYHOTEL8115', 14, 'Khách Sạn FIVITEL Queen', 39, 'Superior Double city View', 100, 1400000, 0, '2024-05-10 11:30:00', NULL),
(116, 'MYHOTEL8116', 15, 'Four Points by Sheraton', 42, 'Superior King Ocean View', 43, 1200000, 0, '2024-05-15 13:45:00', NULL),
(117, 'MYHOTEL8117', 16, 'Khách sạn Mandila Beach', 45, 'Deluxe Twin', 52, 1240000, 0, '2024-05-20 08:15:00', NULL),
(118, 'MYHOTEL8118', 17, 'Đà Nẵng Golden Bay', 48, 'Superior Twin/King (Khách Việt Nam)', 49, 1100000, 0, '2024-05-25 14:00:00', NULL),
(119, 'MYHOTEL8119', 2, 'Meliá Vinpearl Riverfront', 6, 'Deluxe Room', 7, 1305636, 0, '2024-06-01 10:30:00', NULL),
(120, 'MYHOTEL8120', 3, 'Mường Thanh Luxury', 2, 'Phòng Grand Suite', 1, 1400000, 0, '2024-06-05 12:45:00', NULL),
(121, 'MYHOTEL8121', 4, 'Sheraton Grand Resort', 9, 'Phòng Deluxe King', 17, 1530000, 0, '2024-06-10 09:00:00', NULL),
(122, 'MYHOTEL8122', 5, 'The Nalod', 12, 'Phòng Deluxe King', 26, 800000, 0, '2024-06-15 15:30:00', NULL),
(123, 'MYHOTEL8123', 6, 'Khách sạn Grand Tourane', 15, 'Superior City View Twin', 43, 1200000, 0, '2024-06-20 11:15:00', NULL),
(124, 'MYHOTEL8124', 7, 'Khách Sạn Radisson', 18, 'Deluxe Twin Room', 49, 1100000, 0, '2024-06-25 13:00:00', NULL),
(125, 'MYHOTEL8125', 8, 'Khách Sạn Greenery', 21, 'Superior Twin', 52, 1240000, 0, '2024-07-01 08:30:00', NULL),
(126, 'MYHOTEL8126', 9, 'Mikazuki Japanese', 24, 'Deluxe Double Panoramic Ocean View', 61, 2300000, 0, '2024-07-05 14:45:00', NULL),
(127, 'MYHOTEL8127', 10, 'Le Sands Oceanfront', 27, 'Deluxe Ocean Twin, Ban Công, Hướng Biển', 75, 3400000, 0, '2024-07-10 10:15:00', NULL),
(128, 'MYHOTEL8128', 2, 'Meliá Vinpearl Riverfront', 7, 'Deluxe Room Horizon View', 9, 1400000, 0, '2024-07-15 12:00:00', NULL),
(129, 'MYHOTEL8129', 3, 'Mường Thanh Luxury', 3, 'Phòng Deluxe King', 2, 1500000, 0, '2024-07-20 09:30:00', NULL),
(130, 'MYHOTEL8130', 4, 'Sheraton Grand Resort', 10, 'Phòng Premier Deluxe Twin', 20, 1400000, 0, '2024-07-25 15:45:00', NULL),
(131, 'MYHOTEL8131', 5, 'The Nalod', 13, 'Phòng Premier Deluxe Twin', 27, 1500000, 0, '2024-08-01 11:00:00', NULL),
(132, 'MYHOTEL8132', 6, 'Khách sạn Grand Tourane', 16, 'Superior City View Queen Bed', 46, 1450000, 0, '2024-08-05 13:30:00', NULL),
(133, 'MYHOTEL8133', 7, 'Khách Sạn Radisson', 19, 'Deluxe Double City View', 50, 1756000, 0, '2024-08-10 08:45:00', NULL),
(134, 'MYHOTEL8134', 8, 'Khách Sạn Greenery', 22, 'Deluxe Twin', 55, 1280000, 0, '2024-08-15 14:15:00', NULL),
(135, 'MYHOTEL8135', 9, 'Mikazuki Japanese', 25, 'Deluxe Twin Panoramic Ocean View', 64, 2500000, 0, '2024-08-20 10:30:00', NULL),
(136, 'MYHOTEL8136', 10, 'Le Sands Oceanfront', 28, 'Deluxe Ocean Double, Ban Công, Hướng Biển', 77, 5700000, 0, '2024-08-25 12:45:00', NULL),
(137, 'MYHOTEL8137', 2, 'Meliá Vinpearl Riverfront', 8, 'Grand Premium Room', 13, 1200000, 0, '2024-09-01 09:15:00', NULL),
(138, 'MYHOTEL8138', 3, 'Mường Thanh Luxury', 5, 'Phòng Premier Deluxe Twin', 3, 1500000, 0, '2024-09-05 15:00:00', NULL),
(139, 'MYHOTEL8139', 4, 'Sheraton Grand Resort', 11, 'Deluxe Room', 23, 1500000, 0, '2024-09-10 11:30:00', NULL),
(140, 'MYHOTEL8140', 5, 'The Nalod', 14, 'Phòng Deluxe Twin', 28, 1500000, 0, '2024-09-15 13:15:00', NULL),
(141, 'MYHOTEL8141', 6, 'Khách sạn Grand Tourane', 17, 'Superior Ocean View Twin', 47, 1700000, 0, '2024-09-20 08:00:00', NULL),
(142, 'MYHOTEL8142', 7, 'Khách Sạn Radisson', 20, 'Premium Ocean View', 51, 1705636, 0, '2024-09-25 14:30:00', NULL),
(143, 'MYHOTEL8143', 8, 'Khách Sạn Greenery', 23, 'Suite Double', 58, 1520000, 0, '2024-10-01 10:45:00', NULL),
(144, 'MYHOTEL8144', 9, 'Mikazuki Japanese', 26, 'Premium Deluxe Double Panoramic Ocean View', 67, 2700000, 0, '2024-10-05 12:00:00', NULL),
(145, 'MYHOTEL8145', 10, 'Le Sands Oceanfront', 29, 'Premier Oceanfront Twin, Trực Diện Biển, Tầng cao, Ban Công', 79, 4280000, 0, '2024-10-10 09:30:00', NULL),
(146, 'MYHOTEL8146', 11, 'Khách Sạn Dana Marina', 30, 'Superior Twin', 81, 3400000, 0, '2024-10-15 15:15:00', NULL),
(147, 'MYHOTEL8147', 12, 'Khách Sạn Mỹ Khê 2', 33, 'Superior I Double/Twin', 87, 2700000, 0, '2024-10-20 11:00:00', NULL),
(148, 'MYHOTEL8148', 13, 'Khách Sạn Bình Dương', 36, 'Superior Double Or Twin Room', 94, 2500000, 0, '2024-10-25 13:45:00', NULL),
(149, 'MYHOTEL8149', 14, 'Khách Sạn FIVITEL Queen', 39, 'Superior Double city View', 100, 1400000, 0, '2024-10-30 08:15:00', NULL),
(150, 'MYHOTEL8150', 15, 'Four Points by Sheraton', 42, 'Superior King Ocean View', 43, 1200000, 0, '2024-11-04 14:00:00', NULL);

-- ========================================================================
-- 6. EVALUATE DATA (Customer reviews after their stay)
-- ========================================================================
INSERT INTO `tbl_evaluate` (`evaluate_id`, `customer_id`, `customer_name`, `hotel_id`, `room_id`, `type_room_id`, `evaluate_title`, `evaluate_content`, `evaluate_loaction_point`, `evaluate_service_point`, `evaluate_price_point`, `evaluate_sanitary_point`, `evaluate_convenient_point`, `created_at`, `updated_at`, `deleted_at`) VALUES
(1, 11, 'Nguyễn Văn An', 2, 6, 7, 'Khách sạn tuyệt vời!', 'Phòng rộng rãi, view đẹp, nhân viên nhiệt tình. Rất hài lòng với dịch vụ tại đây!', 9, 9, 8, 9, 9, '2023-06-19 10:00:00', NULL, NULL),
(2, 12, 'Trần Thị Bích', 3, 2, 1, 'Trải nghiệm tốt', 'Khách sạn đẹp, sạch sẽ. Vị trí thuận tiện gần biển. Sẽ quay lại lần sau.', 9, 8, 8, 9, 8, '2023-06-24 11:00:00', NULL, NULL),
(3, 13, 'Lê Hoàng Cường', 4, 9, 17, 'Rất hài lòng', 'Dịch vụ chuyên nghiệp, phòng đẹp, ăn sáng ngon. Giá cả hợp lý.', 9, 9, 8, 9, 9, '2023-06-28 12:00:00', NULL, NULL),
(4, 14, 'Phạm Thu Duyên', 5, 12, 26, 'Khách sạn đẹp', 'Phòng sạch sẽ, tiện nghi đầy đủ. Nhân viên thân thiện.', 8, 8, 8, 9, 8, '2023-07-05 09:30:00', NULL, NULL),
(5, 15, 'Võ Minh Đức', 6, 15, 43, 'Tuyệt vời', 'Vị trí tuyệt vời, view biển đẹp. Phòng rộng rãi thoải mái.', 10, 9, 8, 9, 9, '2023-07-09 14:00:00', NULL, NULL),
(6, 16, 'Hoàng Thị Em', 7, 18, 49, 'Đáng giá tiền', 'Khách sạn sang trọng, dịch vụ tốt. Bể bơi đẹp, ăn sáng phong phú.', 9, 9, 8, 9, 9, '2023-07-13 10:30:00', NULL, NULL),
(7, 17, 'Đỗ Văn Phúc', 8, 21, 52, 'Hài lòng', 'Phòng đẹp, giá hợp lý. Gần biển, thuận tiện đi lại.', 8, 8, 9, 8, 8, '2023-07-19 11:00:00', NULL, NULL),
(8, 18, 'Bùi Thị Giang', 9, 24, 61, 'Tuyệt vời', 'Khách sạn 5 sao chất lượng. Phòng rộng, view biển tuyệt đẹp.', 10, 10, 7, 10, 10, '2023-07-23 15:00:00', NULL, NULL),
(9, 19, 'Ngô Văn Hải', 10, 27, 75, 'Xuất sắc', 'Dịch vụ hoàn hảo, vị trí đắc địa. Phòng hiện đại, tiện nghi đầy đủ.', 10, 10, 8, 10, 10, '2023-07-30 16:00:00', NULL, NULL),
(10, 20, 'Đinh Thị Lan', 2, 7, 9, 'Rất tốt', 'Khách sạn đẹp, nhân viên nhiệt tình. View sông rất đẹp.', 9, 9, 8, 9, 9, '2023-08-04 10:00:00', NULL, NULL),
(11, 21, 'Trịnh Văn Khôi', 3, 3, 2, 'Hài lòng', 'Phòng sạch sẽ, thoáng mát. Vị trí thuận tiện.', 8, 8, 8, 9, 8, '2023-08-09 11:30:00', NULL, NULL),
(12, 22, 'Lý Thị Mai', 4, 10, 20, 'Tốt', 'Khách sạn đẹp, dịch vụ tốt. Giá cả phải chăng.', 9, 8, 8, 9, 8, '2023-08-14 12:00:00', NULL, NULL),
(13, 23, 'Vũ Văn Nam', 5, 13, 27, 'Đáng giá', 'Phòng đẹp, view biển tuyệt. Nhân viên thân thiện.', 9, 9, 8, 9, 9, '2023-08-18 13:00:00', NULL, NULL),
(14, 24, 'Đặng Thị Oanh', 6, 16, 46, 'Tuyệt vời', 'Vị trí đẹp, gần biển. Phòng rộng rãi sạch sẽ.', 9, 9, 8, 10, 9, '2023-08-25 14:00:00', NULL, NULL),
(15, 25, 'Phan Văn Phong', 7, 19, 50, 'Rất tốt', 'Khách sạn sang trọng, dịch vụ chuyên nghiệp.', 10, 9, 7, 9, 9, '2023-08-29 10:00:00', NULL, NULL),
(16, 26, 'Dương Thị Quỳnh', 8, 22, 55, 'Hài lòng', 'Phòng đẹp, tiện nghi đầy đủ. Giá tốt.', 8, 8, 9, 8, 8, '2023-09-05 11:00:00', NULL, NULL),
(17, 27, 'Tô Văn Sơn', 9, 25, 64, 'Xuất sắc', 'Khách sạn 5 sao đẳng cấp. View biển tuyệt đẹp.', 10, 10, 8, 10, 10, '2023-09-09 15:00:00', NULL, NULL),
(18, 28, 'Mai Thị Trang', 10, 28, 77, 'Hoàn hảo', 'Dịch vụ tuyệt vời, phòng sang trọng. Rất đáng để trải nghiệm.', 10, 10, 8, 10, 10, '2023-09-13 16:00:00', NULL, NULL),
(19, 29, 'Hồ Văn Tuấn', 2, 8, 13, 'Tốt', 'Khách sạn đẹp, vị trí tốt. Nhân viên nhiệt tình.', 9, 8, 8, 9, 8, '2023-09-19 10:00:00', NULL, NULL),
(20, 30, 'Chu Thị Uyên', 3, 5, 3, 'Hài lòng', 'Phòng rộng, view đẹp. Dịch vụ tốt.', 9, 9, 8, 9, 9, '2023-09-24 11:00:00', NULL, NULL),
(21, 31, 'Lương Văn Việt', 4, 11, 23, 'Rất tốt', 'Khách sạn chất lượng, giá hợp lý.', 9, 9, 8, 9, 9, '2023-09-29 12:00:00', NULL, NULL),
(22, 32, 'Quách Thị Xuân', 5, 14, 28, 'Đáng giá', 'Vị trí đẹp, phòng thoáng mát. Nhân viên thân thiện.', 9, 8, 8, 9, 8, '2023-10-05 13:00:00', NULL, NULL),
(23, 33, 'Hứa Văn Yên', 6, 17, 47, 'Tuyệt vời', 'Khách sạn đẹp, view biển tuyệt. Dịch vụ tốt.', 9, 9, 8, 9, 9, '2023-10-09 14:00:00', NULL, NULL),
(24, 34, 'Ninh Thị Ánh', 7, 20, 51, 'Xuất sắc', 'Phòng sang trọng, tiện nghi cao cấp. Rất hài lòng.', 10, 9, 8, 9, 9, '2023-10-14 10:00:00', NULL, NULL),
(25, 35, 'Tạ Văn Bình', 8, 23, 58, 'Tốt', 'Khách sạn đẹp, giá tốt. Gần biển thuận tiện.', 8, 8, 9, 8, 8, '2023-10-19 11:00:00', NULL, NULL),
(26, 36, 'Khương Thị Cẩm', 9, 26, 67, 'Tuyệt vời', 'Khách sạn 5 sao đẳng cấp, view đẹp, dịch vụ tốt.', 10, 10, 8, 10, 10, '2023-10-24 15:00:00', NULL, NULL),
(27, 37, 'Mạc Văn Đạt', 10, 29, 79, 'Hoàn hảo', 'Vị trí đắc địa, phòng đẹp, dịch vụ hoàn hảo.', 10, 10, 8, 10, 10, '2023-10-29 16:00:00', NULL, NULL),
(28, 38, 'Từ Thị Diễm', 11, 30, 81, 'Rất tốt', 'Khách sạn đẹp, nhân viên thân thiện, phòng sạch sẽ.', 9, 9, 8, 9, 9, '2023-11-02 10:00:00', NULL, NULL),
(29, 39, 'Nghiêm Văn Hiếu', 12, 33, 87, 'Hài lòng', 'Giá tốt, vị trí đẹp, phòng thoáng mát.', 8, 8, 9, 8, 8, '2023-11-09 11:00:00', NULL, NULL),
(30, 40, 'La Thị Khánh', 13, 36, 94, 'Tốt', 'Khách sạn sạch sẽ, tiện nghi đầy đủ.', 8, 8, 8, 9, 8, '2023-11-14 12:00:00', NULL, NULL),
(31, 41, 'Thạch Văn Long', 14, 39, 100, 'Đáng giá', 'Phòng đẹp, dịch vụ tốt, giá hợp lý.', 8, 8, 9, 8, 8, '2023-11-19 13:00:00', NULL, NULL),
(32, 42, 'Ông Thị Minh', 15, 42, 43, 'Tuyệt vời', 'Khách sạn 5 sao đẳng cấp, view biển đẹp.', 9, 9, 8, 9, 9, '2023-11-24 14:00:00', NULL, NULL),
(33, 43, 'Lăng Văn Nghĩa', 16, 45, 52, 'Rất tốt', 'Vị trí đẹp, gần biển, phòng sạch sẽ.', 9, 8, 8, 9, 8, '2023-11-29 10:00:00', NULL, NULL),
(34, 44, 'Bành Thị Phượng', 17, 48, 49, 'Hài lòng', 'Khách sạn đẹp, nhân viên nhiệt tình.', 9, 9, 8, 9, 9, '2023-12-05 11:00:00', NULL, NULL),
(35, 45, 'Kiều Văn Quang', 2, 6, 7, 'Tốt', 'Phòng rộng, view đẹp, dịch vụ tốt.', 9, 8, 8, 9, 8, '2023-12-09 12:00:00', NULL, NULL),
(36, 46, 'Ấu Thị Thảo', 3, 2, 1, 'Tuyệt vời', 'Khách sạn đẹp, vị trí thuận tiện, giá tốt.', 9, 9, 8, 9, 9, '2023-12-14 13:00:00', NULL, NULL),
(37, 47, 'Cung Văn Tuân', 4, 9, 17, 'Xuất sắc', 'Dịch vụ chuyên nghiệp, phòng sang trọng.', 10, 9, 8, 9, 9, '2023-12-19 14:00:00', NULL, NULL),
(38, 48, 'Điêu Thị Vân', 5, 12, 26, 'Rất tốt', 'Khách sạn đẹp, tiện nghi hiện đại.', 9, 9, 8, 9, 9, '2023-12-25 10:00:00', NULL, NULL),
(39, 49, 'Gia Văn Xuân', 6, 15, 43, 'Hài lòng', 'View biển đẹp, phòng sạch sẽ.', 9, 8, 8, 9, 8, '2023-12-30 11:00:00', NULL, NULL),
(40, 50, 'Liêu Thị Yến', 7, 18, 49, 'Tốt', 'Khách sạn sang trọng, dịch vụ tốt.', 9, 9, 8, 9, 9, '2024-01-03 12:00:00', NULL, NULL),
(41, 11, 'Nguyễn Văn An', 8, 21, 52, 'Tuyệt vời', 'Giá tốt, vị trí đẹp, phòng thoáng mát.', 8, 8, 9, 8, 8, '2024-01-19 13:00:00', NULL, NULL),
(42, 12, 'Trần Thị Bích', 9, 24, 61, 'Hoàn hảo', 'Khách sạn 5 sao chất lượng cao, dịch vụ xuất sắc.', 10, 10, 8, 10, 10, '2024-01-24 14:00:00', NULL, NULL),
(43, 13, 'Lê Hoàng Cường', 10, 27, 75, 'Xuất sắc', 'View biển tuyệt đẹp, phòng sang trọng.', 10, 10, 8, 10, 10, '2024-01-29 10:00:00', NULL, NULL),
(44, 14, 'Phạm Thu Duyên', 2, 7, 9, 'Rất tốt', 'Khách sạn đẹp, nhân viên thân thiện.', 9, 9, 8, 9, 9, '2024-02-05 11:00:00', NULL, NULL),
(45, 15, 'Võ Minh Đức', 3, 3, 2, 'Hài lòng', 'Phòng sạch, tiện nghi đầy đủ.', 8, 8, 8, 9, 8, '2024-02-10 12:00:00', NULL, NULL),
(46, 16, 'Hoàng Thị Em', 4, 10, 20, 'Tốt', 'Vị trí tốt, dịch vụ chuyên nghiệp.', 9, 9, 8, 9, 9, '2024-02-14 13:00:00', NULL, NULL),
(47, 17, 'Đỗ Văn Phúc', 5, 13, 27, 'Tuyệt vời', 'Khách sạn đẹp, view biển tuyệt.', 9, 9, 8, 9, 9, '2024-02-19 14:00:00', NULL, NULL),
(48, 18, 'Bùi Thị Giang', 6, 16, 46, 'Đáng giá', 'Phòng rộng, sạch sẽ, giá hợp lý.', 9, 8, 8, 9, 8, '2024-02-24 10:00:00', NULL, NULL),
(49, 19, 'Ngô Văn Hải', 7, 19, 50, 'Rất tốt', 'Khách sạn sang trọng, dịch vụ tốt.', 10, 9, 8, 9, 9, '2024-02-29 11:00:00', NULL, NULL),
(50, 20, 'Đinh Thị Lan', 8, 22, 55, 'Hài lòng', 'Giá tốt, vị trí đẹp gần biển.', 8, 8, 9, 8, 8, '2024-03-05 12:00:00', NULL, NULL);

-- ========================================================================
-- SUMMARY
-- ========================================================================
-- Generated data includes:
-- - 40 new customers (IDs 11-50) with diverse profiles from major cities
-- - 200 payment records (IDs 61-260) with various payment methods
-- - 100 orderers (IDs 51-150) with detailed booking information
-- - 100 orders (IDs 51-150) spanning June 2023 to November 2024
-- - 100 order details linking bookings to specific hotels, rooms, and room types
-- - 50 evaluations from customers with realistic ratings across multiple criteria
--
-- This data is designed to support recommendation system training with:
-- - Diverse customer preferences
-- - Repeat bookings from same customers
-- - Various hotel types, room types, and price points
-- - Seasonal patterns and booking behaviors
-- - Comprehensive rating data across multiple dimensions
-- 
-- Usage: Run this SQL file against your database to populate the tables
-- ========================================================================

