payment_id,payment_method,payment_status
33,4,1
34,4,0
35,4,1
36,4,0
53,4,0
54,4,0
59,4,0
60,1,1
61,1,1
62,4,0
63,4,0
64,4,0
65,4,0
66,4,0
67,4,0
68,4,0
69,4,0
70,4,0
71,4,0
72,4,0
73,4,0
74,4,0
75,4,0
76,4,0
77,4,0
78,4,0
79,4,0
80,4,0
81,4,0
82,4,0
83,4,0
84,4,0
85,4,0
86,4,0
87,4,0
88,4,0
89,4,0
90,4,1
91,4,0
92,4,0
93,4,0
94,4,0
95,4,0
96,4,0
97,4,0
98,4,0
99,4,0
100,4,0
101,4,0
102,4,0
103,4,0
104,4,0
105,4,0
106,4,0
107,4,0
108,4,0
109,4,0
110,4,0
111,4,0
112,4,0
113,4,0
114,4,0
115,4,0
116,4,0
117,4,0
118,4,0
119,4,0
120,4,0
121,4,0
122,4,0
123,4,0
124,4,0
125,4,0
126,4,0
127,4,0
128,4,0
129,4,0
130,4,0
131,4,0
132,4,0
133,4,0
134,4,0
135,4,0
136,4,0
137,4,0
138,4,0
200,4,1
201,1,1
202,4,1
203,1,1
204,4,1
205,4,1
206,1,1
207,1,1
208,1,1
209,4,0
210,1,1
211,1,0
212,4,1
213,4,1
214,1,0
215,1,1
216,1,1
217,1,1
218,1,1
219,1,0
220,4,1
221,4,1
222,1,0
223,1,0
224,1,1
225,4,1
226,4,0
227,1,0
228,1,1
229,1,1
230,4,1
231,1,1
232,4,0
233,4,0
234,4,0
235,4,1
236,1,1
237,1,1
238,4,1
239,4,0
240,4,1
241,4,0
242,4,1
243,1,1
244,4,1
245,4,1
246,4,0
247,1,1
248,1,1
249,4,0
250,4,1
251,4,1
252,1,0
253,4,1
254,1,1
255,4,1
256,4,0
257,1,1
258,1,0
259,4,1
260,1,1
261,1,1
262,1,1
263,4,1
264,4,1
265,4,1
266,4,1
267,1,1
268,4,1
269,1,1
270,4,1
271,1,1
272,4,1
273,1,0
274,1,1
275,4,1
276,4,1
277,1,1
278,4,1
279,1,1
280,4,0
281,4,1
282,4,1
283,1,1
284,4,1
285,1,1
286,1,0
287,4,1
288,1,1
289,4,1
290,4,1
291,1,1
292,4,1
293,1,0
294,4,1
295,1,0
296,4,1
297,4,0
298,4,1
299,4,1
300,4,1
301,1,1
302,1,1
303,4,1
304,4,1
305,1,0
306,1,1
307,4,1
308,1,1
309,1,1
310,4,1
311,4,1
312,4,0
313,1,1
314,1,1
315,1,1
316,4,1
317,4,0
318,1,1
319,4,0
320,1,1
321,1,0
322,4,1
323,1,1
324,4,1
325,4,1
326,1,1
327,1,1
328,1,1
329,4,0
330,1,1
331,1,1
332,1,0
333,1,1
334,1,1
335,1,0
336,4,1
337,1,1
338,1,1
339,4,0
340,1,1
341,4,1
342,4,0
343,4,1
344,1,1
345,1,0
346,1,1
347,1,1
348,1,1
349,1,1
350,4,1
351,4,1
352,1,0
353,1,0
354,1,1
355,1,1
356,1,1
357,4,1
358,1,0
359,1,1
360,4,1
361,4,1
362,1,0
363,4,0
364,1,0
365,1,1
366,4,1
367,4,0
368,1,0
369,4,0
370,1,1
371,4,0
372,4,1
373,4,1
374,4,1
375,1,1
376,4,1
377,4,1
378,1,1
379,1,0
380,1,1
381,1,1
382,1,1
383,1,0
384,1,0
385,1,1
386,4,1
387,4,1
388,1,1
389,4,1
390,4,1
391,1,1
392,1,1
393,1,1
394,4,1
395,1,1
396,1,1
397,4,1
398,1,0
399,1,1
400,4,1
401,4,1
402,4,1
403,1,1
404,1,1
405,4,1
406,4,1
407,1,1
408,4,0
409,1,0
410,4,1
411,1,1
412,4,0
413,1,1
414,4,1
415,1,0
416,4,1
417,1,1
418,4,1
419,1,1
420,1,1
421,4,1
422,1,1
423,1,0
424,1,0
425,1,1
426,1,1
427,1,1
428,4,1
429,1,1
430,1,0
431,1,1
432,4,1
433,4,1
434,1,0
435,1,1
436,1,1
437,1,1
438,1,1
439,1,0
440,4,1
441,1,1
442,4,1
443,1,1
444,1,0
445,4,1
446,4,1
447,4,1
448,4,0
449,4,1
450,4,0
451,4,0
452,1,1
453,4,1
454,1,1
455,4,1
456,4,1
457,4,0
458,1,1
459,4,1
460,1,1
461,1,0
462,1,1
463,4,0
464,4,1
465,4,1
466,4,0
467,1,0
468,1,1
469,1,1
470,4,1
471,4,1
472,4,0
473,4,1
474,1,0
475,4,1
476,4,1
477,4,1
478,1,1
479,1,0
480,4,1
481,1,1
482,1,1
483,4,1
484,4,1
485,4,0
486,1,1
487,1,1
488,4,1
489,1,1
490,1,0
491,1,1
492,4,1
493,1,0
494,1,0
495,4,1
496,1,1
497,1,0
498,4,1
499,1,1
500,1,0
501,1,1
502,1,1
503,4,1
504,4,1
505,1,1
506,4,0
507,4,1
508,4,0
509,4,0
510,4,1
511,1,1
512,1,1
513,1,1
514,4,1
515,1,1
516,4,1
517,1,1
518,1,0
519,1,1
520,4,1
521,1,1
522,4,1
523,1,1
524,4,1
525,1,0
526,4,1
527,4,1
528,1,1
529,1,1
530,4,1
531,1,1
532,4,1
533,4,0
534,1,1
535,4,1
536,1,1
537,1,1
538,4,1
539,4,0
540,4,1
541,1,1
542,1,1
543,4,0
544,1,1
545,4,1
546,1,1
547,4,1
548,4,1
549,4,0
550,1,1
551,4,1
552,4,1
553,1,1
554,4,1
555,1,1
556,1,0
557,4,0
558,4,0
559,1,1
560,1,1
561,4,1
562,4,1
563,1,0
564,4,1
565,4,0
566,4,1
567,4,1
568,1,1
569,1,1
570,1,0
571,1,1
572,4,1
573,4,1
574,1,0
575,1,1
576,1,1
577,4,1
578,1,1
579,4,1
580,1,0
581,4,1
582,4,1
583,4,1
584,4,1
585,1,1
586,1,1
587,4,1
588,4,1
589,4,1
590,1,1
591,1,1
592,1,0
593,4,1
594,1,0
595,4,1
596,1,1
597,1,0
598,4,0
599,4,1
600,4,0
601,1,1
602,1,0
603,4,1
604,4,1
605,4,1
606,4,0
607,1,1
608,1,0
609,4,1
610,1,0
611,1,1
612,1,1
613,4,0
614,4,1
615,1,1
616,4,0
617,1,1
618,1,1
619,1,1
620,1,1
621,4,1
622,4,1
623,4,0
624,4,0
625,4,0
626,1,1
627,4,1
628,1,0
629,4,1
630,4,1
631,1,1
632,1,1
633,1,1
634,4,1
635,1,1
636,1,1
637,1,1
638,4,1
639,4,1
640,4,1
641,1,1
642,1,1
643,1,0
644,1,1
645,1,1
646,1,1
647,1,1
648,1,1
649,4,1
650,4,0
651,1,1
652,4,1
653,1,0
654,4,0
655,4,1
656,4,1
657,4,1
658,1,0
659,4,1
660,1,1
661,1,1
662,4,1
663,1,0
664,4,1
665,1,1
666,4,0
667,1,0
668,1,0
669,4,0
670,1,0
671,1,0
672,1,1
673,1,1
674,1,1
675,1,1
676,4,0
677,1,1
678,1,1
679,1,1
680,1,1
681,4,1
682,4,1
683,4,1
684,4,1
685,4,1
686,4,1
687,4,1
688,4,1
689,1,1
690,1,1
691,4,0
692,1,1
693,4,1
694,4,1
695,1,1
696,1,1
697,1,1
698,4,0
699,1,1
700,1,0
701,4,1
702,1,0
703,1,1
704,4,1
705,1,1
706,4,1
707,1,1
708,4,0
709,4,1
710,1,0
711,1,0
712,1,1
713,1,1
714,1,0
715,1,1
716,4,1
717,4,0
718,4,0
719,1,1
720,4,0
721,1,1
722,4,1
723,1,1
724,1,1
725,1,1
726,1,1
727,1,1
728,1,1
729,1,1
730,4,1
731,4,0
732,4,1
733,4,1
734,1,1
735,1,1
736,4,1
737,1,1
738,4,1
739,4,1
740,4,1
741,4,1
742,1,0
743,1,0
744,1,0
745,4,1
746,1,1
747,4,1
748,4,1
749,1,1
750,4,1
751,1,1
752,1,1
753,4,1
754,4,0
755,1,1
756,4,1
757,4,1
758,1,1
759,4,1
760,4,0
761,4,1
762,4,1
763,4,1
764,4,0
765,1,1
766,4,1
767,4,1
768,1,0
769,1,1
770,4,1
771,1,1
772,1,0
773,1,1
774,1,1
775,1,0
1000,4,1
1001,4,0
1002,3,1
1003,1,0
1004,2,1
1005,3,1
1006,1,1
1007,4,0
1008,2,0
1009,2,1
1010,1,0
1011,1,1
1012,1,1
1013,1,1
1014,4,1
1015,2,1
1016,1,1
1017,3,1
1018,4,0
1019,2,0
1020,3,1
1021,3,1
1022,4,1
1023,1,1
1024,4,1
1025,4,0
1026,3,1
1027,1,1
1028,2,1
1029,2,1
1030,3,1
1031,2,1
1032,1,1
1033,3,1
1034,3,1
1035,3,0
1036,2,1
1037,4,1
1038,4,1
1039,1,0
1040,1,1
1041,2,1
1042,2,0
1043,2,1
1044,2,1
1045,2,1
1046,1,1
1047,3,1
1048,4,1
1049,4,1
1050,3,0
1051,4,1
1052,2,1
1053,4,1
1054,4,1
1055,2,1
1056,4,1
1057,1,0
1058,1,1
1059,2,1
1060,2,1
1061,3,1
1062,3,1
1063,4,1
1064,2,1
1065,2,1
1066,3,1
1067,1,1
1068,3,1
1069,1,1
1070,4,1
1071,4,1
1072,1,0
1073,4,1
1074,3,1
1075,1,1
1076,1,1
1077,3,1
1078,4,1
1079,1,0
1080,2,1
1081,1,1
1082,3,1
1083,4,1
1084,1,1
1085,2,1
1086,1,0
1087,2,1
1088,4,1
1089,1,1
1090,4,0
1091,3,1
1092,3,1
1093,3,1
1094,3,0
1095,1,1
1096,2,1
1097,4,1
1098,2,0
1099,2,0
1100,2,0
1101,1,0
1102,3,1
1103,2,0
1104,1,1
1105,1,1
1106,2,1
1107,2,0
1108,1,0
1109,4,1
1110,3,1
1111,2,0
1112,1,1
1113,3,0
1114,3,0
1115,2,1
1116,2,0
1117,2,1
1118,3,1
1119,2,1
1120,1,1
1121,1,1
1122,4,1
1123,1,0
1124,3,0
1125,4,1
1126,2,1
1127,4,1
1128,1,0
1129,4,1
1130,1,0
1131,1,1
1132,4,1
1133,3,1
1134,3,1
1135,3,1
1136,2,1
1137,2,1
1138,2,1
1139,2,1
1140,3,1
1141,3,1
1142,2,1
1143,1,1
1144,3,1
1145,3,0
1146,4,1
1147,1,1
1148,4,0
1149,2,0
1150,3,1
1151,4,1
1152,2,1
1153,2,0
1154,4,0
1155,3,0
1156,1,1
1157,3,1
1158,3,1
1159,3,1
1160,1,1
1161,2,0
1162,2,1
1163,1,1
1164,2,0
1165,2,1
1166,2,1
1167,3,1
1168,1,1
1169,2,1
1170,1,1
1171,1,1
1172,1,1
1173,4,1
1174,2,1
1175,1,0
1176,1,0
1177,4,1
1178,3,1
1179,3,0
1180,1,1
1181,3,1
1182,4,1
1183,2,1
1184,3,1
1185,1,1
1186,4,0
1187,3,1
1188,4,1
1189,1,1
1190,4,1
1191,4,1
1192,4,0
1193,2,1
1194,4,1
1195,4,1
1196,1,1
1197,1,1
1198,4,0
1199,2,1
1200,1,1
1201,2,1
1202,4,0
1203,2,0
1204,4,1
1205,4,1
1206,1,0
1207,2,1
1208,2,0
1209,4,1
1210,3,0
1211,2,1
1212,3,0
1213,2,1
1214,2,1
1215,1,1
1216,1,1
1217,3,1
1218,1,0
1219,1,1
1220,4,0
1221,3,0
1222,3,1
1223,3,1
1224,1,1
1225,4,1
1226,1,1
1227,3,1
1228,4,1
1229,4,1
1230,3,1
1231,4,1
1232,3,1
1233,3,1
1234,2,1
1235,1,1
1236,3,1
1237,4,1
1238,3,0
1239,3,1
1240,1,1
1241,1,1
1242,1,0
1243,4,1
1244,4,1
1245,3,1
1246,3,1
1247,3,1
1248,2,0
1249,3,1
1250,3,1
1251,1,1
1252,3,1
1253,3,0
1254,3,1
1255,1,1
1256,1,1
1257,3,0
1258,3,1
1259,3,1
1260,2,1
1261,1,0
1262,1,1
1263,2,1
1264,1,1
1265,4,1
1266,2,1
1267,1,1
1268,4,0
1269,3,1
1270,3,1
1271,1,0
1272,2,0
1273,4,0
1274,2,1
1275,3,1
1276,4,1
1277,2,1
1278,3,1
1279,3,1
1280,3,0
1281,2,1
1282,3,0
1283,4,1
1284,4,0
1285,3,1
1286,1,1
1287,1,1
1288,4,1
1289,3,1
1290,1,1
1291,2,1
1292,1,0
1293,2,1
1294,4,1
1295,4,1
1296,4,1
1297,4,1
1298,4,0
1299,4,1
1300,3,1
1301,3,0
1302,1,1
1303,1,1
1304,4,1
1305,3,1
1306,2,1
1307,2,1
1308,2,1
1309,4,1
1310,3,0
1311,1,1
1312,4,1
1313,4,1
1314,4,0
1315,4,1
1316,3,1
1317,1,0
1318,4,0
1319,3,0
1320,2,0
1321,1,1
1322,1,1
1323,3,0
1324,4,1
1325,1,1
1326,1,0
1327,1,0
1328,1,1
1329,1,0
1330,4,1
1331,2,1
1332,1,0
1333,1,1
1334,3,0
1335,3,1
1336,2,1
1337,1,1
1338,4,1
1339,2,0
1340,4,1
1341,4,1
1342,2,1
1343,3,1
1344,3,1
1345,1,1
1346,4,1
1347,4,1
1348,1,1
1349,1,1
1350,3,1
1351,3,1
1352,4,1
1353,3,0
1354,3,0
1355,3,0
1356,2,1
1357,3,1
1358,1,1
1359,3,1
1360,3,1
1361,3,0
1362,4,1
1363,1,1
1364,2,1
1365,3,1
1366,2,0
1367,2,1
1368,4,1
1369,4,1
1370,3,1
1371,2,1
1372,4,1
1373,1,1
1374,1,1
1375,3,1
1376,1,0
1377,3,1
1378,4,1
1379,2,0
1380,4,1
1381,4,1
1382,2,1
1383,4,1
1384,1,1
1385,4,1
1386,2,1
1387,1,1
1388,1,1
1389,1,1
1390,4,0
1391,2,1
1392,1,1
1393,2,1
1394,2,0
1395,2,1
1396,4,1
1397,4,1
1398,3,1
1399,1,1
1400,2,0
1401,2,1
1402,1,1
1403,1,0
1404,3,0
1405,4,1
1406,4,1
1407,2,1
1408,3,1
1409,4,1
1410,2,1
1411,3,0
1412,4,0
1413,3,1
1414,3,0
1415,1,1
1416,2,1
1417,4,1
1418,1,1
1419,1,1
1420,4,0
1421,2,0
1422,3,0
1423,3,1
1424,2,1
1425,2,0
1426,3,0
1427,1,0
1428,3,1
1429,4,1
1430,1,1
1431,3,1
1432,1,1
1433,4,1
1434,1,1
1435,2,1
1436,4,1
1437,4,1
1438,3,1
1439,4,1
1440,1,0
1441,4,1
1442,2,1
1443,1,1
1444,4,1
1445,1,0
1446,1,1
1447,1,0
1448,4,1
1449,3,1
1450,4,1
1451,1,0
1452,4,1
1453,4,0
1454,1,0
1455,3,0
1456,2,1
1457,1,0
1458,1,1
1459,2,1
1460,4,1
1461,2,0
1462,1,1
1463,4,0
1464,4,1
1465,1,1
1466,1,1
1467,4,0
1468,3,1
1469,2,0
1470,2,1
1471,4,1
1472,1,1
1473,3,1
1474,4,1
1475,1,1
1476,2,1
1477,1,1
1478,4,1
1479,3,1
1480,2,0
1481,4,1
1482,3,1
1483,2,1
1484,2,1
1485,3,1
1486,1,1
1487,3,1
1488,2,1
1489,2,1
1490,3,1
1491,1,1
1492,3,1
1493,1,1
1494,3,1
1495,3,1
1496,3,1
1497,3,1
1498,2,1
1499,4,1
1500,3,1
1501,1,1
1502,3,1
1503,4,0
1504,1,1
1505,2,1
1506,4,1
1507,1,1
1508,4,0
1509,2,1
1510,4,1
1511,1,1
1512,2,1
1513,2,1
1514,2,1
1515,2,0
1516,3,1
1517,1,1
1518,1,1
1519,1,0
1520,2,0
1521,2,0
1522,2,1
1523,3,1
1524,2,1
1525,3,0
1526,3,1
1527,3,1
1528,4,0
1529,1,1
1530,1,1
1531,3,1
1532,1,1
1533,4,0
1534,2,1
1535,3,0
1536,1,1
1537,4,1
1538,3,1
1539,1,0
1540,4,1
1541,3,1
1542,4,1
1543,2,1
1544,4,1
1545,3,0
1546,1,1
1547,4,1
1548,1,1
1549,3,1
1550,2,1
1551,2,1
1552,4,0
1553,3,1
1554,1,1
1555,3,0
1556,2,1
1557,1,0
1558,2,0
1559,2,1
1560,4,1
1561,3,1
1562,3,0
1563,1,0
1564,1,1
1565,2,0
1566,2,0
1567,1,1
1568,2,1
1569,4,1
1570,4,1
1571,1,1
1572,4,0
1573,1,1
1574,2,1
1575,2,1
1576,1,1
1577,1,1
1578,4,1
1579,1,0
1580,1,1
1581,1,1
1582,1,0
1583,1,1
1584,4,1
1585,4,1
1586,3,1
1587,1,1
1588,2,1
1589,4,1
1590,4,1
1591,2,1
1592,2,0
1593,4,0
1594,2,1
1595,3,1
1596,2,1
1597,4,0
1598,1,1
1599,2,1
1600,1,1
1601,4,1
1602,4,0
1603,3,1
1604,3,1
1605,4,1
1606,2,0
1607,4,1
1608,2,1
1609,3,1
1610,3,0
1611,4,1
1612,4,0
1613,3,1
1614,2,1
1615,2,1
1616,1,1
1617,2,1
1618,1,1
1619,2,1
1620,3,1
1621,4,1
1622,1,1
1623,4,1
1624,3,1
1625,3,1
1626,2,1
1627,2,1
1628,1,1
1629,1,1
1630,4,0
1631,3,1
1632,2,0
1633,1,1
1634,3,0
1635,4,1
1636,2,0
1637,3,1
1638,1,1
1639,3,1
1640,2,1
1641,4,1
1642,2,1
1643,4,1
1644,1,0
1645,3,1
1646,1,0
1647,4,0
1648,4,1
1649,2,1
1650,3,1
1651,1,0
1652,4,1
1653,4,1
1654,1,0
1655,1,1
1656,3,1
1657,3,0
1658,4,0
1659,2,1
1660,4,0
1661,4,0
1662,4,0
1663,4,1
1664,4,0
1665,4,1
1666,1,1
1667,2,1
1668,4,1
1669,1,0
1670,4,1
1671,4,1
1672,4,1
1673,1,1
1674,1,1
1675,4,1
1676,1,1
1677,2,1
1678,3,0
1679,3,1
1680,4,1
1681,1,1
1682,4,1
1683,4,1
1684,3,1
1685,3,0
1686,4,0
1687,4,0
1688,1,1
1689,3,1
1690,3,1
1691,2,0
1692,2,0
1693,1,1
1694,2,1
1695,4,1
1696,2,0
1697,3,0
1698,4,1
1699,3,1
1700,3,1
1701,4,1
1702,4,1
1703,2,1
1704,1,1
1705,3,1
1706,1,1
1707,4,0
1708,1,1
1709,1,0
1710,4,1
1711,1,1
1712,4,1
1713,1,1
1714,4,1
1715,3,1
1716,2,1
1717,4,1
1718,1,1
1719,3,0
1720,4,1
1721,3,1
1722,2,1
1723,4,0
1724,1,0
1725,3,0
1726,3,1
1727,4,1
1728,4,1
1729,3,1
1730,2,0
1731,2,1
1732,2,0
1733,1,1
1734,3,1
1735,4,1
1736,3,1
1737,2,1
1738,1,1
1739,3,1
1740,3,1
1741,4,1
1742,3,0
1743,4,1
1744,4,1
1745,1,1
1746,1,0
1747,1,1
1748,1,1
1749,4,1
1750,3,0
1751,1,1
1752,1,0
1753,1,1
1754,2,1
1755,2,1
1756,4,1
1757,4,0
1758,3,1
1759,1,1
1760,4,1
1761,1,0
1762,3,1
1763,2,1
1764,3,1
1765,3,1
1766,2,1
1767,3,1
1768,1,0
1769,2,1
1770,2,1
1771,4,1
1772,1,1
1773,1,1
1774,1,0
1775,4,0
1776,4,0
1777,3,1
1778,1,1
1779,2,1
1780,4,0
1781,1,0
1782,1,1
1783,1,1
1784,1,1
1785,3,1
1786,3,1
1787,4,0
1788,1,1
1789,4,1
1790,4,0
1791,2,0
1792,2,1
1793,3,1
1794,3,1
1795,2,1
1796,3,0
1797,2,1
1798,2,1
1799,1,1
1800,1,1
1801,2,1
1802,1,0
1803,2,0
1804,4,1
1805,2,1
1806,1,1
1807,3,1
1808,4,1
1809,1,1
1810,2,1
1811,3,1
1812,4,1
1813,2,1
1814,1,1
1815,2,1
1816,1,1
1817,2,1
1818,4,1
1819,3,1
1820,3,1
1821,2,0
1822,1,1
1823,3,1
1824,4,0
1825,3,1
1826,2,1
1827,3,1
1828,1,1
1829,2,1
1830,2,1
1831,4,1
1832,1,1
1833,2,1
1834,3,1
1835,1,0
1836,3,1
1837,2,1
1838,2,1
1839,2,1
1840,1,1
1841,4,1
1842,2,1
1843,4,1
1844,1,1
1845,2,0
1846,3,1
1847,4,1
1848,4,1
1849,2,0
1850,2,0
1851,2,1
1852,1,1
1853,4,1
1854,2,1
1855,4,0
1856,2,1
1857,3,1
1858,1,1
1859,4,1
1860,4,1
1861,4,0
1862,2,1
1863,4,0
1864,3,0
1865,1,0
1866,4,1
1867,3,1
1868,4,1
1869,1,0
1870,1,1
1871,1,0
1872,1,1
1873,1,1
1874,4,1
1875,3,0
1876,2,1
1877,1,0
1878,1,0
1879,4,1
1880,1,1
1881,4,1
1882,1,0
1883,2,0
1884,3,1
1885,3,1
1886,4,1
1887,2,1
1888,3,0
1889,1,1
1890,1,0
1891,2,0
1892,4,0
1893,4,1
1894,1,1
1895,2,1
1896,2,1
1897,2,1
1898,2,0
1899,2,1
1900,2,1
1901,3,1
1902,1,1
1903,1,0
1904,1,1
1905,4,1
1906,2,1
1907,4,1
1908,4,0
1909,4,1
1910,3,1
1911,3,0
1912,2,1
1913,1,0
1914,2,0
1915,1,0
1916,4,0
1917,1,1
1918,3,0
1919,4,0
1920,2,1
1921,1,1
1922,1,0
1923,4,1
1924,1,1
1925,3,1
1926,2,0
1927,1,1
1928,3,1
1929,2,0
1930,2,1
1931,2,1
1932,4,1
1933,4,0
1934,3,1
1935,4,1
1936,1,1
1937,2,1
1938,1,1
1939,2,1
1940,1,1
1941,3,1
1942,1,1
1943,4,1
1944,3,1
1945,2,1
1946,3,0
1947,3,1
1948,3,1
1949,1,1
1950,1,1
1951,3,1
1952,4,1
1953,3,0
1954,2,1
1955,3,1
1956,2,0
1957,2,1
1958,2,1
1959,2,1
1960,1,1
1961,2,1
1962,4,1
1963,1,0
1964,1,0
1965,4,1
1966,2,1
1967,1,1
1968,3,1
1969,1,1
1970,2,1
1971,3,1
1972,2,1
1973,2,0
1974,4,1
1975,4,1
1976,2,1
1977,4,1
1978,2,0
1979,1,0
1980,1,1
1981,1,1
1982,4,1
1983,3,1
1984,4,1
1985,1,1
1986,1,1
1987,2,1
1988,1,0
1989,3,1
1990,2,1
1991,3,1
1992,3,1
1993,2,1
1994,1,1
1995,2,1
1996,2,1
1997,4,0
1998,1,0
1999,4,1
2000,4,0
2001,2,1
2002,3,1
2003,4,1
2004,2,1
2005,4,1
2006,4,1
2007,4,1
2008,3,1
2009,2,1
2010,4,1
2011,1,1
2012,1,1
2013,1,1
2014,3,1
2015,2,1
2016,2,1
2017,3,1
2018,1,1
2019,4,1
2020,4,1
2021,3,1
2022,2,1
2023,1,1
2024,1,1
2025,2,1
2026,3,0
2027,3,1
2028,1,0
2029,3,0
2030,2,0
2031,3,1
2032,4,1
2033,3,1
2034,3,1
2035,2,0
2036,3,1
2037,2,0
2038,1,1
2039,4,1
2040,3,1
2041,3,0
2042,2,0
2043,3,1
2044,2,1
2045,1,1
2046,2,1
2047,1,0
2048,1,1
2049,4,1
2050,3,1
2051,4,1
2052,3,0
2053,4,1
2054,3,0
2055,3,0
2056,4,1
2057,4,1
2058,4,1
2059,3,0
2060,3,1
2061,2,1
2062,4,0
2063,2,0
2064,4,1
2065,1,0
2066,3,1
2067,1,1
2068,2,1
2069,3,1
2070,1,0
2071,4,0
2072,3,1
2073,4,1
2074,4,1
2075,4,0
2076,1,1
2077,1,0
2078,1,0
2079,4,1
2080,4,0
2081,3,0
2082,4,1
2083,1,1
2084,3,1
2085,3,1
2086,2,1
2087,3,1
2088,2,0
2089,3,0
2090,4,0
2091,2,1
2092,1,0
2093,3,1
2094,3,1
2095,4,1
2096,3,1
2097,2,1
2098,1,0
2099,1,1
2100,4,0
2101,4,0
2102,3,1
2103,3,1
2104,2,1
2105,2,1
2106,3,1
2107,3,1
2108,2,1
2109,4,1
2110,3,1
2111,3,1
2112,4,1
2113,2,1
2114,1,1
2115,2,1
2116,1,1
2117,1,1
2118,3,0
2119,3,1
2120,4,1
2121,2,1
2122,4,1
2123,3,1
2124,1,1
2125,4,1
2126,2,0
2127,2,0
2128,1,1
2129,3,0
2130,2,1
2131,4,0
2132,4,1
2133,2,1
2134,3,0
2135,2,1
2136,3,1
2137,2,0
2138,1,1
2139,1,1
2140,2,1
2141,3,1
2142,3,1
2143,4,0
2144,2,1
2145,3,1
2146,4,0
2147,2,0
2148,4,0
2149,4,0
2150,2,0
2151,3,1
2152,4,1
2153,3,1
2154,1,1
2155,3,0
2156,2,0
2157,2,0
2158,1,1
2159,3,1
2160,1,1
2161,3,1
2162,4,1
2163,1,0
2164,4,1
2165,3,1
2166,3,1
2167,3,0
2168,1,0
2169,1,1
2170,3,0
2171,4,0
2172,1,1
2173,2,1
2174,2,0
2175,1,1
2176,3,0
2177,4,1
2178,4,0
2179,3,0
2180,1,1
2181,3,1
2182,3,1
2183,2,1
2184,1,1
2185,4,1
2186,1,0
2187,4,1
2188,3,0
2189,1,0
2190,3,1
2191,2,0
2192,1,1
2193,2,1
2194,1,1
2195,4,0
2196,3,0
2197,4,0
2198,3,1
2199,2,1
2200,3,1
2201,1,1
2202,1,1
2203,4,1
2204,2,1
2205,4,1
2206,2,1
2207,1,1
2208,4,0
2209,1,1
2210,3,1
2211,1,1
2212,1,1
2213,2,1
2214,4,1
2215,2,1
2216,1,1
2217,4,1
2218,3,1
2219,2,1
2220,3,0
2221,4,0
2222,3,1
2223,2,1
2224,4,1
2225,1,1
2226,3,0
2227,2,1
2228,3,1
2229,3,1
2230,1,1
2231,1,1
2232,3,1
2233,1,1
2234,2,1
2235,3,1
2236,3,1
2237,1,1
2238,1,0
2239,3,1
2240,4,0
2241,1,1
2242,1,1
2243,2,1
2244,4,1
2245,2,1
2246,3,1
2247,2,1
2248,4,1
2249,2,1
2250,1,1
2251,1,1
2252,1,1
2253,3,1
2254,4,0
2255,3,1
2256,3,1
2257,4,1
2258,2,1
2259,3,1
2260,3,1
2261,3,0
2262,3,1
2263,2,1
2264,1,1
2265,1,1
2266,2,1
2267,3,1
2268,1,1
2269,1,1
2270,4,0
2271,1,1
2272,3,1
2273,3,1
2274,3,1
2275,3,1
2276,1,1
2277,2,0
2278,2,0
2279,3,1
2280,1,1
2281,3,1
2282,3,1
2283,4,0
2284,1,0
2285,3,1
2286,2,1
2287,1,1
2288,2,1
2289,2,1
2290,1,1
2291,3,0
2292,4,1
2293,3,0
2294,2,1
2295,2,1
2296,4,0
2297,4,1
2298,2,1
2299,2,1
2300,2,0
2301,4,1
2302,4,1
2303,1,1
2304,1,1
2305,2,1
2306,1,1
2307,1,1
2308,2,1
2309,3,0
2310,2,1
2311,3,0
2312,2,1
2313,2,0
2314,3,0
2315,3,1
2316,3,0
2317,4,1
2318,4,1
2319,4,1
2320,1,1
2321,3,1
2322,3,1
2323,3,0
2324,3,0
2325,4,1
2326,3,1
2327,3,0
2328,2,1
2329,2,1
2330,2,1
2331,1,1
2332,1,1
2333,3,0
2334,1,0
2335,4,1
2336,3,1
2337,1,1
2338,1,1
2339,2,1
2340,1,1
2341,2,0
2342,2,1
2343,4,1
2344,1,0
2345,3,1
2346,4,1
2347,4,1
2348,2,1
2349,3,1
2350,3,0
2351,2,1
2352,2,1
2353,1,1
2354,3,1
2355,4,1
2356,2,1
2357,3,1
2358,3,1
2359,1,1
2360,4,1
2361,2,1
2362,2,1
2363,3,0
2364,2,0
2365,2,1
2366,2,1
2367,2,0
2368,3,1
2369,1,1
2370,4,1
2371,3,1
2372,2,0
2373,4,1
2374,4,1
2375,3,0
2376,2,0
2377,2,1
2378,4,1
2379,3,1
2380,1,1
2381,4,0
2382,3,1
2383,3,1
2384,3,1
2385,2,1
2386,3,1
2387,2,0
2388,1,1
2389,3,1
2390,2,1
2391,4,1
2392,1,0
2393,3,0
2394,4,0
2395,1,1
2396,1,0
2397,1,1
2398,1,1
2399,1,1
2400,1,1
2401,4,0
2402,2,1
2403,3,1
2404,1,1
2405,3,1
2406,3,1
2407,4,1
2408,4,0
2409,4,1
2410,1,0
2411,3,0
2412,2,1
2413,4,1
2414,2,1
2415,3,0
2416,1,1
2417,2,1
2418,2,1
2419,4,1
2420,2,1
2421,3,1
2422,3,1
2423,4,0
2424,4,1
2425,2,1
2426,1,1
2427,2,1
2428,2,1
2429,3,1
2430,1,1
2431,2,1
2432,4,1
2433,2,1
2434,4,0
2435,1,1
2436,1,1
2437,2,1
2438,4,0
2439,1,0
2440,1,1
2441,4,1
2442,2,1
2443,4,1
2444,3,1
2445,4,1
2446,1,0
2447,2,0
2448,2,1
2449,3,1
2450,1,1
2451,4,1
2452,1,1
2453,4,1
2454,4,1
2455,2,1
2456,1,1
2457,4,1
2458,2,1
2459,2,0
2460,2,1
2461,3,1
2462,1,1
2463,4,1
2464,3,1
2465,3,1
2466,4,0
2467,1,1
2468,3,1
2469,1,1
2470,1,1
2471,4,1
2472,1,1
2473,2,1
2474,2,1
2475,4,0
2476,1,1
2477,3,1
2478,1,1
2479,3,0
2480,2,0
2481,3,1
2482,2,0
2483,3,0
2484,2,1
2485,4,1
2486,1,1
2487,1,1
2488,3,1
2489,4,1
2490,3,1
2491,3,1
2492,3,0
2493,1,0
2494,4,1
2495,1,1
2496,4,1
2497,4,1
2498,2,0
2499,1,0
2500,4,0
2501,1,1
2502,4,1
2503,2,1
2504,4,1
2505,2,1
2506,2,1
2507,1,1
2508,1,0
2509,1,1
2510,2,1
2511,1,0
2512,4,1
2513,2,1
2514,3,1
2515,4,1
2516,3,1
2517,2,0
2518,3,1
2519,4,0
2520,2,1
2521,2,0
2522,4,1
2523,4,1
2524,1,1
2525,4,0
2526,2,0
2527,3,1
2528,4,1
2529,2,1
2530,3,1
2531,4,1
2532,1,1
2533,1,0
2534,2,0
2535,1,1
2536,4,1
2537,1,0
2538,3,1
2539,2,1
2540,4,1
2541,3,1
2542,3,1
2543,3,1
2544,1,1
2545,3,1
2546,4,1
2547,2,1
2548,1,0
2549,2,1
2550,2,0
2551,1,1
2552,3,1
2553,4,1
2554,1,1
2555,4,1
2556,3,0
2557,1,1
2558,1,0
2559,3,0
2560,4,1
2561,2,1
2562,4,1
2563,2,1
2564,4,1
2565,4,1
2566,2,1
2567,3,1
2568,3,1
2569,3,1
2570,2,1
2571,2,1
2572,4,1
2573,3,0
2574,3,1
2575,3,0
2576,2,1
2577,2,0
2578,4,1
2579,3,1
2580,2,1
2581,2,0
2582,4,1
2583,3,1
2584,4,0
2585,2,1
2586,3,1
2587,3,1
2588,2,1
2589,1,1
2590,4,1
2591,2,0
2592,2,1
2593,2,1
2594,2,1
2595,2,0
2596,2,0
2597,3,1
2598,4,1
2599,3,0
2600,3,1
2601,1,1
2602,2,1
2603,1,1
2604,2,1
2605,3,1
2606,3,1
2607,4,1
2608,3,1
2609,4,1
2610,3,1
2611,1,1
2612,3,1
2613,3,1
2614,4,1
2615,4,1
2616,3,1
2617,3,1
2618,1,1
2619,1,0
2620,1,0
2621,4,0
2622,3,1
2623,1,1
2624,1,1
2625,3,1
2626,2,1
2627,2,1
2628,1,1
2629,4,1
2630,4,0
2631,1,1
2632,3,1
2633,1,1
2634,2,1
2635,4,1
2636,4,1
2637,3,1
2638,1,1
2639,4,1
2640,2,1
2641,3,1
2642,2,0
2643,3,1
2644,1,1
2645,4,1
2646,4,0
2647,3,1
2648,4,0
2649,2,0
2650,1,1
2651,1,1
2652,4,1
2653,1,1
2654,3,1
2655,3,1
2656,1,0
2657,4,1
2658,2,1
2659,1,1
2660,4,1
2661,4,1
2662,1,1
2663,4,1
2664,3,1
2665,2,0
2666,3,1
2667,3,1
2668,2,0
2669,2,0
2670,1,1
2671,2,1
2672,3,1
2673,3,1
2674,3,1
2675,3,1
2676,3,1
2677,2,0
2678,2,1
2679,4,1
2680,3,0
2681,1,1
2682,4,0
2683,4,1
2684,3,1
2685,3,1
2686,4,0
2687,4,0
2688,3,1
2689,3,1
2690,4,0
2691,4,0
2692,4,1
2693,1,1
2694,3,1
2695,2,1
2696,1,0
2697,1,1
2698,3,0
2699,4,1
2700,3,0
2701,1,1
2702,1,1
2703,4,1
2704,3,1
2705,4,1
2706,4,1
2707,3,1
2708,4,1
2709,4,0
2710,2,1
2711,1,0
2712,2,1
2713,4,1
2714,3,1
2715,2,1
2716,2,1
2717,4,0
2718,3,1
2719,1,1
2720,3,1
2721,4,1
2722,1,1
2723,2,1
2724,4,1
2725,2,1
2726,4,1
2727,1,1
2728,3,1
2729,1,0
2730,4,1
2731,2,1
2732,1,1
2733,3,0
2734,3,0
2735,4,0
2736,3,1
2737,2,1
2738,1,1
2739,1,0
2740,3,0
2741,3,1
2742,2,1
2743,4,1
2744,4,1
2745,2,1
2746,3,1
2747,3,1
2748,3,1
2749,1,1
2750,1,1
2751,3,1
2752,2,1
2753,2,1
2754,4,1
2755,4,1
2756,1,1
2757,4,1
2758,3,1
2759,1,0
2760,1,1
2761,2,0
2762,2,1
2763,4,0
2764,2,0
2765,2,1
2766,2,1
2767,4,1
2768,3,1
2769,1,1
2770,1,1
2771,3,1
2772,4,0
2773,4,1
2774,1,0
2775,3,0
2776,1,0
2777,4,1
2778,3,1
2779,4,1
2780,1,1
2781,3,1
2782,2,1
2783,2,1
2784,3,0
2785,3,1
2786,1,1
2787,2,1
2788,2,1
2789,4,0
2790,2,0
2791,1,1
2792,4,1
2793,2,1
2794,1,0
2795,1,1
2796,1,1
2797,2,1
2798,3,0
2799,2,1
2800,2,1
2801,2,1
2802,3,0
2803,3,0
2804,3,1
2805,2,1
2806,1,1
2807,2,0
2808,1,1
2809,1,0
2810,3,0
2811,1,0
2812,4,0
2813,4,1
2814,2,1
2815,2,0
2816,1,1
2817,2,0
2818,1,1
2819,2,1
2820,1,1
2821,3,1
2822,1,0
2823,1,1
2824,3,1
2825,2,1
2826,4,1
2827,2,1
2828,4,0
2829,4,0
2830,2,0
2831,3,1
2832,4,1
2833,4,1
2834,4,1
2835,2,1
2836,3,1
2837,2,1
2838,2,0
2839,2,0
2840,3,1
2841,2,1
2842,1,1
2843,1,1
2844,2,1
2845,4,0
2846,3,1
2847,4,1
2848,3,0
2849,4,1
2850,4,1
2851,1,1
2852,2,1
2853,4,1
2854,4,1
2855,4,1
2856,3,1
2857,3,0
2858,2,1
2859,2,0
2860,4,1
2861,3,1
2862,4,0
2863,4,1
2864,1,1
2865,4,1
2866,4,1
2867,1,1
2868,1,1
2869,3,0
2870,3,1
2871,2,1
2872,4,1
2873,3,1
2874,1,1
2875,1,1
2876,3,0
2877,4,1
2878,3,1
2879,3,1
2880,4,0
2881,3,1
2882,1,0
2883,4,1
2884,3,1
2885,1,0
2886,4,0
2887,4,1
2888,3,1
2889,2,1
2890,3,1
2891,3,1
2892,1,1
2893,4,1
2894,1,0
2895,3,1
2896,2,1
2897,3,0
2898,2,1
2899,2,1
2900,2,1
2901,4,0
2902,4,1
2903,2,1
2904,1,1
2905,4,1
2906,2,1
2907,3,1
2908,2,1
2909,2,1
2910,4,1
2911,1,1
2912,4,1
2913,2,1
2914,3,1
2915,4,1
2916,1,1
2917,4,1
2918,3,1
2919,4,1
2920,4,1
2921,3,1
2922,4,1
2923,4,1
2924,4,1
2925,1,1
2926,1,0
2927,2,0
2928,3,1
2929,2,0
2930,3,1
2931,3,1
2932,4,1
2933,3,1
2934,3,1
2935,2,1
2936,1,0
2937,4,1
2938,2,1
2939,3,1
2940,4,1
2941,4,1
2942,3,0
2943,3,1
2944,1,1
2945,3,1
2946,2,1
2947,4,1
2948,2,0
2949,2,0
2950,4,1
2951,4,0
2952,3,0
2953,1,0
2954,3,1
2955,1,1
2956,1,0
2957,2,0
2958,1,0
2959,1,1
2960,1,0
2961,3,1
2962,2,1
2963,4,1
2964,1,1
2965,3,1
2966,1,1
2967,2,1
2968,4,1
2969,4,1
2970,3,1
2971,4,1
2972,2,0
2973,1,0
2974,1,1
2975,4,1
2976,2,0
2977,4,1
2978,4,1
2979,4,0
2980,1,1
2981,1,1
2982,4,1
2983,2,1
2984,1,1
2985,1,1
2986,4,1
2987,2,1
2988,3,0
2989,2,1
2990,3,1
2991,2,1
2992,4,1
2993,2,1
2994,1,1
2995,4,1
2996,3,1
2997,3,1
2998,4,0
2999,3,0
3000,1,1
3001,2,1
3002,4,1
3003,1,1
3004,2,1
3005,2,1
3006,3,1
3007,2,1
3008,2,1
3009,4,1
3010,1,0
3011,1,1
3012,1,1
3013,3,0
3014,2,0
3015,1,0
3016,2,1
3017,1,1
3018,4,1
3019,4,1
3020,3,0
3021,1,1
3022,4,0
3023,3,1
3024,2,1
3025,1,1
3026,4,1
3027,4,1
3028,2,1
3029,1,1
3030,1,1
3031,3,0
3032,2,0
3033,4,1
3034,3,0
3035,3,1
3036,2,1
3037,4,0
3038,2,1
3039,4,1
3040,4,1
3041,4,0
3042,2,1
3043,4,1
3044,2,1
3045,3,0
3046,1,1
3047,3,1
3048,3,1
3049,4,1
3050,2,1
3051,1,1
3052,1,1
3053,1,1
3054,4,1
3055,3,1
3056,1,1
3057,4,1
3058,1,1
3059,2,1
3060,4,1
3061,1,1
3062,4,1
3063,3,1
3064,1,1
3065,3,1
3066,1,1
3067,2,0
3068,4,1
3069,2,0
3070,4,0
3071,2,1
3072,3,0
3073,1,1
3074,2,1
3075,3,1
3076,1,1
3077,1,1
3078,2,0
3079,1,1
3080,1,1
3081,2,1
3082,3,1
3083,2,1
3084,1,1
3085,4,1
3086,2,1
3087,2,1
3088,2,1
3089,2,1
3090,1,1
3091,3,1
3092,1,1
3093,1,1
3094,4,1
3095,4,1
3096,1,0
3097,2,1
3098,3,0
3099,2,0
3100,3,1
3101,1,1
3102,1,1
3103,1,1
3104,2,1
3105,3,1
3106,3,0
3107,2,1
3108,4,1
3109,3,0
3110,1,0
3111,1,1
3112,4,1
3113,3,1
3114,3,1
3115,1,0
3116,3,1
3117,4,0
3118,1,1
3119,3,1
3120,1,0
3121,1,1
3122,3,0
3123,4,1
3124,4,1
3125,3,1
3126,4,1
3127,1,0
3128,3,1
3129,4,1
3130,1,1
3131,2,1
3132,1,1
3133,1,1
3134,1,1
3135,1,1
3136,4,0
3137,3,1
3138,1,1
3139,3,1
3140,4,1
3141,4,1
3142,1,1
3143,1,1
3144,1,1
3145,1,0
3146,1,1
3147,2,0
3148,3,1
3149,1,1
3150,3,0
3151,2,1
3152,1,1
3153,3,1
3154,1,1
3155,4,1
3156,2,1
3157,3,1
3158,1,1
3159,3,0
3160,1,1
3161,2,1
3162,2,1
3163,3,0
3164,2,1
3165,4,1
3166,4,0
3167,4,1
3168,2,1
3169,3,0
3170,1,1
3171,3,1
3172,1,1
3173,1,1
3174,4,0
3175,3,1
3176,4,1
3177,3,1
3178,4,1
3179,2,1
3180,1,1
3181,1,1
3182,3,1
3183,1,0
3184,4,1
3185,1,1
3186,1,0
3187,2,0
3188,2,1
3189,3,1
3190,4,0
3191,2,0
3192,3,1
3193,4,1
3194,1,1
3195,1,0
3196,3,0
3197,1,1
3198,1,1
3199,1,0
3200,4,1
3201,1,1
3202,4,1
3203,1,1
3204,1,1
3205,4,1
3206,2,1
3207,3,1
3208,1,0
3209,1,1
3210,1,1
3211,3,1
3212,1,1
3213,4,1
3214,4,1
3215,3,1
3216,2,0
3217,2,1
3218,4,0
3219,2,1
3220,3,1
3221,3,1
3222,4,1
3223,4,0
3224,2,1
3225,3,1
3226,3,0
3227,3,0
3228,2,1
3229,2,1
3230,2,0
3231,4,0
3232,2,1
3233,2,0
3234,4,0
3235,2,1
3236,3,0
3237,1,0
3238,3,0
3239,2,1
3240,4,0
3241,2,1
3242,4,0
3243,3,0
3244,3,0
3245,1,1
3246,2,0
3247,2,1
3248,3,0
3249,2,1
3250,1,1
3251,3,1
3252,3,0
3253,1,1
3254,4,1
3255,3,0
3256,2,1
3257,3,1
3258,1,1
3259,1,1
3260,1,0
3261,3,1
3262,1,1
3263,4,0
3264,4,0
3265,3,1
3266,3,1
3267,2,1
3268,4,0
3269,4,1
3270,3,1
3271,4,1
3272,3,0
3273,4,1
3274,4,1
3275,1,1
3276,1,1
3277,1,0
3278,1,1
3279,1,1
3280,1,1
3281,2,1
3282,2,1
3283,2,1
3284,4,1
3285,3,0
3286,1,0
3287,2,0
3288,2,1
3289,4,1
3290,1,1
3291,3,1
3292,1,1
3293,2,1
3294,3,1
3295,2,0
3296,4,1
3297,1,1
3298,2,1
3299,1,1
3300,1,1
3301,1,0
3302,4,0
3303,4,1
3304,1,1
3305,3,1
3306,1,1
3307,3,0
3308,2,1
3309,1,0
3310,3,0
3311,3,1
3312,4,1
3313,3,1
3314,1,0
3315,3,1
3316,3,1
3317,3,1
3318,4,1
3319,1,1
3320,2,1
3321,4,1
3322,1,0
3323,4,1
3324,1,0
3325,1,1
3326,1,0
3327,4,0
3328,4,1
3329,4,1
3330,2,1
3331,2,1
3332,2,0
3333,3,1
3334,3,1
3335,4,0
3336,4,1
3337,2,0
3338,1,1
3339,3,1
3340,1,0
3341,2,1
3342,3,1
3343,4,1
3344,2,1
3345,4,1
3346,3,1
3347,4,1
3348,3,0
3349,4,1
3350,3,1
3351,2,0
3352,2,1
3353,4,1
3354,2,1
3355,4,1
3356,2,1
3357,2,1
3358,1,0
3359,1,1
3360,3,0
3361,4,1
3362,1,0
3363,1,1
3364,3,1
3365,1,1
3366,3,1
3367,4,1
3368,3,0
3369,4,1
3370,3,1
3371,4,1
3372,2,0
3373,3,1
3374,3,1
3375,2,1
3376,2,1
3377,2,1
3378,4,0
3379,1,1
3380,2,1
3381,2,1
3382,4,1
3383,4,0
3384,2,1
3385,1,1
3386,2,1
3387,2,0
3388,4,0
3389,3,0
3390,4,1
3391,2,1
3392,3,1
3393,4,1
3394,4,1
3395,3,1
3396,1,1
3397,1,1
3398,2,1
3399,2,1
3400,2,1
3401,1,1
3402,2,1
3403,3,0
3404,3,1
3405,1,1
3406,1,0
3407,3,1
3408,1,1
3409,2,1
3410,3,1
3411,4,1
3412,4,1
3413,1,1
3414,1,1
3415,4,1
3416,2,1
3417,2,1
3418,4,1
3419,1,1
3420,1,0
3421,1,1
3422,1,1
3423,4,1
3424,4,1
3425,1,1
3426,3,1
3427,2,0
3428,1,0
3429,2,0
3430,2,1
3431,3,0
3432,4,0
3433,4,1
3434,2,1
3435,1,1
3436,3,1
3437,3,1
3438,2,1
3439,2,1
3440,1,1
3441,2,0
3442,1,0
3443,2,0
3444,4,1
3445,4,1
3446,3,1
3447,3,1
3448,3,1
3449,2,0
3450,3,0
3451,1,1
3452,3,1
3453,3,1
3454,2,0
3455,1,1
3456,1,0
3457,4,1
3458,2,1
3459,3,1
3460,3,1
3461,1,1
3462,3,1
3463,1,0
3464,1,1
3465,1,1
3466,2,1
3467,4,1
3468,2,1
3469,3,1
3470,1,0
3471,1,1
3472,1,1
3473,3,1
3474,1,1
3475,3,1
3476,3,1
3477,1,1
3478,1,1
3479,4,1
3480,3,1
3481,3,1
3482,2,1
3483,4,1
3484,1,0
3485,3,1
3486,1,1
3487,2,1
3488,4,1
3489,4,1
3490,3,1
3491,3,1
3492,4,1
3493,1,0
3494,3,0
3495,4,0
3496,2,1
3497,3,1
3498,3,0
3499,2,1
3500,1,0
3501,1,1
3502,3,1
3503,3,0
3504,2,1
3505,3,1
3506,1,1
3507,3,1
3508,4,1
3509,2,1
3510,3,1
3511,2,1
3512,3,1
3513,4,1
3514,2,1
3515,3,0
3516,2,0
3517,2,1
3518,1,1
3519,2,1
3520,2,1
3521,3,1
3522,4,1
3523,4,1
3524,1,1
3525,1,1
3526,4,1
3527,4,1
3528,2,1
3529,3,1
3530,3,0
3531,4,1
3532,1,1
3533,1,1
3534,2,1
3535,2,1
3536,4,0
3537,1,1
3538,1,1
3539,4,0
3540,4,1
3541,2,1
3542,3,1
3543,3,1
3544,2,1
3545,4,1
3546,3,1
3547,1,0
3548,4,0
3549,4,1
3550,4,1
3551,2,0
3552,2,0
3553,3,1
3554,3,1
3555,3,1
3556,1,1
3557,4,1
3558,4,0
3559,3,0
3560,4,0
3561,2,0
3562,4,1
3563,2,1
3564,4,1
3565,2,1
3566,1,0
3567,1,0
3568,4,1
3569,1,0
3570,3,1
3571,1,0
3572,3,1
3573,3,1
3574,2,0
3575,4,1
3576,1,0
3577,4,1
3578,4,1
3579,3,1
3580,2,1
3581,1,1
3582,1,0
3583,1,1
3584,2,1
3585,4,1
3586,4,1
3587,1,0
3588,3,1
3589,2,1
3590,3,1
3591,4,1
3592,4,1
3593,1,1
3594,4,1
3595,4,1
3596,4,1
3597,4,1
3598,2,1
3599,4,1
3600,2,0
3601,2,1
3602,1,1
3603,4,0
3604,1,0
3605,1,1
3606,4,1
3607,4,1
3608,2,1
3609,3,0
3610,1,0
3611,2,1
3612,3,1
3613,3,1
3614,2,1
3615,1,1
3616,4,1
3617,3,0
3618,2,1
3619,4,0
3620,2,0
3621,3,1
3622,3,1
3623,4,1
3624,2,1
3625,3,0
3626,1,1
3627,4,1
3628,2,1
3629,1,1
3630,3,1
3631,1,1
3632,3,0
3633,4,1
3634,1,1
3635,4,1
3636,3,0
3637,2,1
3638,4,0
3639,2,1
3640,2,0
3641,2,0
3642,3,0
3643,1,1
3644,2,1
3645,4,1
3646,3,0
3647,2,0
3648,1,0
3649,2,1
3650,3,0
3651,3,1
3652,4,0
3653,3,0
3654,4,1
3655,3,1
3656,1,1
3657,1,1
3658,3,1
3659,4,1
3660,3,0
3661,3,1
3662,4,1
3663,1,0
3664,4,1
3665,3,1
3666,3,1
3667,3,1
3668,3,1
3669,4,1
3670,1,1
3671,1,1
3672,3,1
3673,2,0
3674,4,1
3675,1,1
3676,4,0
3677,3,1
3678,2,1
3679,1,0
3680,1,1
3681,2,0
3682,1,1
3683,4,0
3684,4,0
3685,2,0
3686,1,1
3687,2,1
3688,1,0
3689,4,1
3690,4,0
3691,4,1
3692,1,1
3693,3,0
3694,1,1
3695,3,1
3696,4,1
3697,3,1
3698,2,0
3699,4,1
3700,3,1
3701,4,1
3702,1,0
3703,4,0
3704,1,1
3705,1,0
3706,1,1
3707,1,1
3708,4,1
3709,4,0
3710,2,1
3711,1,1
3712,1,1
3713,3,1
3714,3,1
3715,1,1
3716,3,1
3717,4,1
3718,1,0
3719,2,1
3720,3,1
3721,3,1
3722,4,1
3723,4,0
3724,1,1
3725,2,1
3726,4,0
3727,1,1
3728,3,1
3729,3,1
3730,3,1
3731,1,1
3732,1,0
3733,2,1
3734,1,1
3735,3,1
3736,4,0
3737,4,1
3738,3,1
3739,1,1
3740,3,0
3741,2,1
3742,4,1
3743,2,1
3744,2,0
3745,2,1
3746,2,0
3747,3,1
3748,2,1
3749,3,1
3750,2,1
3751,2,1
3752,2,1
3753,1,0
3754,1,1
3755,2,1
3756,1,1
3757,1,0
3758,1,0
3759,3,1
3760,3,1
3761,4,0
3762,1,1
3763,4,1
3764,4,1
3765,4,0
3766,1,1
3767,3,1
3768,2,1
3769,2,0
3770,3,1
3771,4,1
3772,4,1
3773,2,1
3774,1,0
3775,2,1
3776,3,1
3777,4,0
3778,3,1
3779,4,0
3780,1,0
3781,1,1
3782,2,1
3783,2,1
3784,4,0
3785,4,1
3786,2,1
3787,3,1
3788,4,1
3789,3,0
3790,1,1
3791,1,1
3792,2,1
3793,2,0
3794,4,1
3795,2,1
3796,1,1
3797,1,0
3798,3,1
3799,2,1
3800,1,1
3801,2,1
3802,4,1
3803,4,1
3804,4,1
3805,1,1
3806,1,1
3807,2,1
3808,3,1
3809,1,1
3810,2,1
3811,4,1
3812,2,0
3813,1,1
3814,4,1
3815,4,1
3816,4,1
3817,1,0
3818,2,1
3819,2,1
3820,4,1
3821,2,0
3822,1,1
3823,1,0
3824,2,0
3825,1,1
3826,2,1
3827,4,1
3828,4,1
3829,3,1
3830,2,1
3831,4,1
3832,3,0
3833,4,1
3834,3,1
3835,4,1
3836,4,1
3837,1,0
3838,4,1
3839,3,0
3840,3,1
3841,1,1
3842,3,1
3843,4,0
3844,2,0
3845,2,1
3846,4,1
3847,3,1
3848,1,1
3849,2,1
3850,3,1
3851,3,1
3852,4,0
3853,3,1
3854,2,1
3855,1,1
3856,2,0
3857,1,1
3858,4,1
3859,3,1
3860,4,1
3861,2,0
3862,4,0
3863,4,1
3864,2,1
3865,1,0
3866,1,0
3867,3,1
3868,2,1
3869,1,1
3870,4,1
3871,2,1
3872,1,0
3873,1,1
3874,1,1
3875,4,1
3876,3,0
3877,1,1
3878,4,0
3879,4,0
3880,3,1
3881,1,1
3882,1,1
3883,4,0
3884,4,0
3885,4,0
3886,1,1
3887,3,0
3888,2,1
3889,4,1
3890,1,1
3891,3,1
3892,3,1
3893,2,1
3894,1,1
3895,1,0
3896,4,0
3897,4,1
3898,2,1
3899,2,1
3900,4,1
3901,2,1
3902,1,1
3903,3,0
3904,2,1
3905,1,0
3906,3,0
3907,3,0
3908,4,1
3909,3,1
3910,2,1
3911,1,0
3912,2,0
3913,4,1
3914,2,1
3915,1,1
3916,4,1
3917,3,0
3918,4,1
3919,1,0
3920,2,1
3921,2,1
3922,2,1
3923,3,1
3924,2,1
3925,3,0
3926,1,1
3927,4,1
3928,4,0
3929,4,1
3930,1,1
3931,1,1
3932,3,1
3933,3,1
3934,1,0
3935,2,0
3936,4,1
3937,4,1
3938,1,1
3939,4,0
3940,3,1
3941,4,1
3942,4,0
3943,1,1
3944,3,1
3945,1,1
3946,3,1
3947,3,1
3948,2,1
3949,2,0
3950,4,1
3951,1,1
3952,3,1
3953,1,0
3954,4,0
3955,2,1
3956,4,1
3957,4,1
3958,3,1
3959,4,1
3960,3,0
3961,2,0
3962,3,1
3963,1,0
3964,2,1
3965,2,1
3966,1,1
3967,2,0
3968,2,0
3969,3,1
3970,4,1
3971,3,0
3972,2,1
3973,4,1
3974,1,1
3975,3,0
3976,2,1
3977,4,1
3978,1,1
3979,1,1
3980,4,1
3981,3,1
3982,4,0
3983,4,1
3984,4,1
3985,1,1
3986,4,1
3987,3,1
3988,2,1
3989,4,1
3990,2,0
3991,4,1
3992,1,1
3993,1,1
3994,3,1
3995,1,1
3996,3,1
3997,4,1
3998,3,1
3999,2,0
4000,2,1
4001,2,1
4002,3,1
4003,1,1
4004,3,1
4005,3,1
4006,4,1
4007,2,1
4008,1,1
4009,3,1
4010,3,0
4011,2,1
4012,3,1
4013,3,0
4014,4,1
4015,1,1
4016,3,0
4017,3,1
4018,3,1
4019,3,0
4020,3,1
4021,2,1
4022,3,0
4023,4,1
4024,1,0
4025,1,1
4026,2,1
4027,2,1
4028,2,1
4029,3,1
4030,1,1
4031,4,0
4032,4,0
4033,1,0
4034,3,1
4035,4,1
4036,3,1
4037,2,0
4038,1,1
4039,3,1
4040,1,1
4041,4,0
4042,4,1
4043,2,1
4044,1,1
4045,1,1
4046,2,0
4047,4,1
4048,1,1
4049,4,1
4050,3,0
4051,4,1
4052,1,1
4053,3,1
4054,3,1
4055,2,1
4056,3,1
4057,2,1
4058,1,0
4059,4,1
4060,2,1
4061,2,1
4062,2,0
4063,3,1
4064,3,1
4065,2,1
4066,2,1
4067,2,1
4068,1,1
4069,2,1
4070,4,1
4071,1,1
4072,1,1
4073,4,1
4074,1,0
4075,3,1
4076,4,1
4077,1,1
4078,2,1
4079,1,1
4080,4,1
4081,3,0
4082,1,1
4083,3,1
4084,2,1
4085,4,1
4086,4,1
4087,2,1
4088,4,1
4089,2,0
4090,2,1
4091,3,1
4092,1,0
4093,2,0
4094,3,1
4095,3,1
4096,1,1
4097,2,0
4098,4,0
4099,4,1
4100,2,1
4101,3,0
4102,1,1
4103,1,1
4104,4,1
4105,2,0
4106,3,1
4107,3,1
4108,2,0
4109,1,0
4110,4,1
4111,1,1
4112,4,1
4113,4,1
4114,1,1
4115,2,1
4116,4,1
4117,2,1
4118,4,1
4119,2,1
4120,1,1
4121,1,0
4122,3,1
4123,3,1
4124,1,0
4125,3,1
4126,4,0
4127,2,0
4128,4,1
4129,4,1
4130,3,1
4131,3,1
4132,3,1
4133,4,1
4134,1,1
4135,1,1
4136,2,0
4137,1,1
4138,2,1
4139,1,1
4140,1,1
4141,3,1
4142,4,0
4143,4,1
4144,1,1
4145,3,1
4146,1,1
4147,2,1
4148,4,0
4149,1,1
4150,2,0
4151,1,1
4152,3,1
4153,2,1
4154,2,1
4155,4,1
4156,4,1
4157,4,1
4158,2,1
4159,4,1
4160,2,1
4161,4,1
4162,3,1
4163,2,1
4164,1,0
4165,1,1
4166,3,1
4167,1,1
4168,4,1
4169,3,1
4170,1,1
4171,3,1
4172,3,0
4173,3,1
4174,1,1
4175,3,1
4176,2,0
4177,3,1
4178,3,1
4179,3,1
4180,2,1
4181,4,0
4182,4,1
4183,2,0
4184,1,1
4185,3,1
4186,4,1
4187,1,0
4188,1,1
4189,4,1
4190,3,0
4191,4,1
4192,3,1
4193,1,1
4194,2,1
4195,3,1
4196,4,0
4197,3,1
4198,1,1
4199,3,0
4200,1,1
4201,3,0
4202,3,1
4203,3,1
4204,3,1
4205,2,0
4206,3,1
4207,4,0
4208,3,1
4209,1,1
4210,1,1
4211,2,1
4212,2,1
4213,1,1
4214,4,1
4215,3,0
4216,2,1
4217,1,0
4218,1,1
4219,4,0
4220,2,0
4221,4,1
4222,1,1
4223,2,1
4224,3,1
4225,4,1
4226,2,0
4227,3,0
4228,2,1
4229,1,0
4230,4,1
4231,1,1
4232,2,0
4233,4,1
4234,4,1
4235,1,1
4236,3,0
4237,2,1
4238,4,0
4239,2,0
4240,3,0
4241,3,1
4242,1,0
4243,1,1
4244,2,0
4245,4,0
4246,3,1
4247,1,1
4248,2,1
4249,1,1
4250,2,1
4251,2,1
4252,4,1
4253,2,1
4254,2,1
4255,1,1
4256,4,1
4257,1,0
4258,4,1
4259,4,1
4260,1,1
4261,2,1
4262,1,0
4263,3,1
4264,3,0
4265,2,1
4266,3,1
4267,1,1
4268,1,0
4269,1,1
4270,3,1
4271,1,1
4272,4,1
4273,1,1
4274,2,1
4275,1,0
4276,1,0
4277,4,0
4278,2,1
4279,3,1
4280,1,1
4281,1,0
4282,3,1
4283,2,1
4284,1,1
4285,4,1
4286,1,1
4287,4,0
4288,1,1
4289,4,1
4290,1,0
4291,4,1
4292,3,1
4293,2,1
4294,2,0
4295,2,1
4296,4,1
4297,4,1
4298,2,0
4299,2,1
4300,1,0
4301,1,0
4302,3,0
4303,4,1
4304,3,1
4305,2,1
4306,1,1
4307,2,0
4308,2,1
4309,4,1
4310,3,1
4311,3,1
4312,1,1
4313,2,1
4314,4,0
4315,2,1
4316,1,0
4317,4,1
4318,1,1
4319,3,0
4320,3,1
4321,2,0
4322,3,0
4323,2,0
4324,4,1
4325,2,0
4326,2,1
4327,2,1
4328,3,1
4329,4,1
4330,2,1
4331,3,1
4332,4,0
4333,3,1
4334,4,1
4335,1,1
4336,3,0
4337,3,0
4338,2,0
4339,3,1
4340,2,1
4341,1,0
4342,1,1
4343,3,1
4344,4,1
4345,2,1
4346,4,1
4347,1,0
4348,3,1
4349,2,0
4350,2,1
4351,3,1
4352,1,1
4353,2,0
4354,2,0
4355,1,1
4356,3,1
4357,3,1
4358,4,1
4359,3,1
4360,4,0
4361,3,0
4362,3,0
4363,1,1
4364,4,1
4365,2,0
4366,2,1
4367,4,1
4368,3,1
4369,2,1
4370,3,1
4371,1,1
4372,4,0
4373,4,1
4374,1,0
4375,1,1
4376,2,1
4377,3,1
4378,2,0
4379,2,1
4380,3,0
4381,4,1
4382,3,1
4383,3,1
4384,1,1
4385,1,1
4386,1,0
4387,2,1
4388,1,0
4389,4,1
4390,1,1
4391,4,1
4392,1,1
4393,3,0
4394,1,0
4395,3,1
4396,2,1
4397,4,1
4398,4,1
4399,2,1
4400,1,0
4401,3,0
4402,4,1
4403,1,1
4404,3,1
4405,1,1
4406,2,1
4407,4,0
4408,4,0
4409,2,0
4410,1,1
4411,4,1
4412,1,1
4413,3,1
4414,3,1
4415,2,1
4416,1,1
4417,2,1
4418,2,1
4419,1,0
4420,1,1
4421,4,0
4422,2,1
4423,2,0
4424,1,0
4425,2,1
4426,1,1
4427,3,1
4428,1,1
4429,4,1
4430,3,0
4431,2,1
4432,3,1
4433,1,0
4434,4,1
4435,4,1
4436,1,1
4437,2,1
4438,1,1
4439,4,1
4440,3,1
4441,2,1
4442,3,1
4443,2,0
4444,1,0
4445,1,0
4446,2,0
4447,3,1
4448,1,0
4449,3,1
4450,3,1
4451,2,1
4452,1,1
4453,3,1
4454,2,1
4455,1,1
4456,2,1
4457,3,1
4458,1,1
4459,2,1
4460,1,1
4461,4,0
4462,4,1
4463,3,0
4464,2,1
4465,4,0
4466,3,1
4467,3,1
4468,3,0
4469,2,1
4470,3,1
4471,3,0
4472,4,1
4473,2,1
4474,2,1
4475,3,1
4476,2,1
4477,4,1
4478,3,1
4479,2,1
4480,4,1
4481,3,1
4482,3,1
4483,4,1
4484,4,1
4485,2,0
4486,1,1
4487,3,1
4488,3,0
4489,2,1
4490,2,1
4491,3,1
4492,4,1
4493,1,1
4494,4,1
4495,2,1
4496,3,1
4497,2,1
4498,2,1
4499,1,1
4500,2,1
4501,1,1
4502,2,1
4503,4,1
4504,4,1
4505,2,0
4506,2,1
4507,4,1
4508,1,1
4509,1,0
4510,1,0
4511,3,1
4512,3,1
4513,4,0
4514,1,1
4515,4,1
4516,2,1
4517,2,1
4518,4,0
4519,4,1
4520,1,1
4521,4,1
4522,2,0
4523,1,1
4524,2,0
4525,2,1
4526,4,1
4527,4,1
4528,2,0
4529,4,1
4530,4,0
4531,2,0
4532,3,0
4533,2,1
4534,4,1
4535,4,1
4536,4,1
4537,3,0
4538,3,1
4539,1,0
4540,3,1
4541,2,1
4542,1,1
4543,1,1
4544,1,1
4545,1,0
4546,3,1
4547,4,0
4548,4,0
4549,3,0
4550,1,1
4551,4,0
4552,4,1
4553,3,1
4554,3,1
4555,1,1
4556,4,0
4557,4,0
4558,1,1
4559,4,1
4560,3,1
4561,2,0
4562,2,0
4563,4,1
4564,2,1
4565,2,1
4566,4,1
4567,1,0
4568,3,1
4569,2,0
4570,3,1
4571,4,1
4572,3,1
4573,4,0
4574,1,1
4575,1,1
4576,2,1
4577,4,1
4578,4,1
4579,3,1
4580,1,1
4581,3,1
4582,1,1
4583,1,1
4584,1,0
4585,2,0
4586,3,1
4587,1,0
4588,4,1
4589,1,1
4590,1,1
4591,2,0
4592,3,1
4593,1,1
4594,3,1
4595,3,1
4596,4,1
4597,3,1
4598,3,1
4599,4,1
4600,3,0
4601,1,1
4602,1,1
4603,2,1
4604,3,1
4605,1,1
4606,1,1
4607,2,1
4608,3,1
4609,4,0
4610,2,1
4611,1,1
4612,3,1
4613,3,1
4614,2,1
4615,1,1
4616,3,1
4617,2,0
4618,1,1
4619,4,1
4620,1,1
4621,1,1
4622,1,0
4623,3,0
4624,2,0
4625,4,1
4626,2,1
4627,1,1
4628,2,0
4629,3,1
4630,4,0
4631,3,1
4632,1,1
4633,1,1
4634,3,1
4635,4,1
4636,3,1
4637,3,0
4638,3,1
4639,2,1
4640,2,1
4641,3,0
4642,4,1
4643,1,1
4644,3,0
4645,4,1
4646,1,0
4647,2,0
4648,2,1
4649,3,1
4650,1,0
4651,3,0
4652,2,1
4653,3,1
4654,4,1
4655,1,1
4656,3,1
4657,1,1
4658,1,1
4659,1,1
4660,2,1
4661,4,1
4662,4,1
4663,2,0
4664,1,1
4665,4,1
4666,2,1
4667,3,1
4668,4,1
4669,4,1
4670,2,1
4671,1,1
4672,1,0
4673,2,0
4674,1,0
4675,1,1
4676,1,0
4677,3,1
4678,2,1
4679,3,1
4680,3,1
4681,1,1
4682,3,1
4683,1,1
4684,3,0
4685,1,0
4686,4,0
4687,1,1
4688,3,1
4689,4,1
4690,1,0
4691,2,0
4692,4,0
4693,4,0
4694,2,1
4695,1,1
4696,2,1
4697,3,1
4698,3,1
4699,1,1
4700,4,1
4701,4,1
4702,2,1
4703,4,1
4704,1,1
4705,4,1
4706,3,1
4707,2,1
4708,1,1
4709,2,0
4710,2,1
4711,4,1
4712,2,1
4713,3,0
4714,3,1
4715,4,1
4716,2,0
4717,1,1
4718,3,1
4719,3,1
4720,4,1
4721,1,1
4722,1,1
4723,4,1
4724,4,1
4725,3,0
4726,2,1
4727,4,1
4728,1,1
4729,2,1
4730,2,0
4731,4,1
4732,2,0
4733,4,1
4734,2,1
4735,2,0
4736,1,1
4737,1,1
4738,2,1
4739,3,1
4740,3,0
4741,3,1
4742,1,1
4743,1,0
4744,2,1
4745,2,0
4746,4,1
4747,1,1
4748,2,0
4749,3,1
4750,1,0
4751,3,1
4752,4,1
4753,2,0
4754,4,1
4755,4,1
4756,2,1
4757,3,0
4758,1,1
4759,1,1
4760,3,1
4761,4,1
4762,2,0
4763,3,1
4764,3,1
4765,4,1
4766,4,1
4767,2,1
4768,1,1
4769,3,1
4770,2,1
4771,4,1
4772,4,1
4773,3,1
4774,3,1
4775,2,1
4776,1,0
4777,3,1
4778,1,1
4779,3,1
4780,1,1
4781,4,1
4782,1,0
4783,2,1
4784,2,1
4785,4,0
4786,3,1
4787,1,1
4788,1,0
4789,1,0
4790,4,0
4791,2,0
4792,3,0
4793,2,1
4794,2,1
4795,3,1
4796,3,1
4797,2,1
4798,1,1
4799,3,0
4800,2,1
4801,4,1
4802,4,0
4803,2,1
4804,1,0
4805,3,0
4806,3,1
4807,1,0
4808,4,1
4809,3,1
4810,4,1
4811,4,1
4812,1,1
4813,3,1
4814,4,0
4815,4,1
4816,4,1
4817,1,1
4818,1,1
4819,1,1
4820,2,1
4821,2,1
4822,4,1
4823,1,1
4824,3,0
4825,1,1
4826,1,0
4827,2,1
4828,1,1
4829,2,1
4830,2,1
4831,2,1
4832,4,1
4833,1,1
4834,1,1
4835,2,1
4836,4,0
4837,4,0
4838,2,1
4839,2,0
4840,3,1
4841,2,0
4842,4,1
4843,1,1
4844,3,1
4845,2,1
4846,1,1
4847,1,1
4848,4,1
4849,1,0
4850,4,1
4851,3,1
4852,4,0
4853,1,1
4854,2,1
4855,4,1
4856,2,1
4857,1,1
4858,4,1
4859,4,1
4860,3,1
4861,1,0
4862,1,1
4863,4,1
4864,4,1
4865,1,1
4866,2,1
4867,1,1
4868,1,1
4869,1,1
4870,3,1
4871,4,1
4872,1,1
4873,2,0
4874,1,1
4875,4,0
4876,1,1
4877,1,1
4878,2,1
4879,4,1
4880,4,1
4881,1,0
4882,2,1
4883,4,1
4884,1,1
4885,3,1
4886,3,1
4887,1,1
4888,4,1
4889,1,1
4890,2,0
4891,4,0
4892,4,1
4893,1,1
4894,2,1
4895,1,1
4896,1,1
4897,4,1
4898,3,1
4899,1,1
4900,2,0
4901,2,1
4902,1,1
4903,1,1
4904,3,1
4905,2,0
4906,4,1
4907,3,0
4908,3,0
4909,3,1
4910,4,1
4911,4,0
4912,3,1
4913,4,0
4914,3,0
4915,1,1
4916,4,0
4917,2,1
4918,4,1
4919,2,1
4920,3,1
4921,2,1
4922,3,0
4923,2,0
4924,2,1
4925,2,1
4926,1,1
4927,4,1
4928,1,1
4929,4,1
4930,4,1
4931,1,1
4932,2,1
4933,1,1
4934,1,1
4935,2,1
4936,4,1
4937,1,0
4938,4,0
4939,2,0
4940,3,1
4941,1,1
4942,4,1
4943,4,0
4944,1,1
4945,2,1
4946,4,0
4947,4,1
4948,3,1
4949,2,0
4950,4,1
4951,3,1
4952,3,1
4953,4,0
4954,4,0
4955,2,1
4956,3,1
4957,2,1
4958,4,1
4959,4,1
4960,1,0
4961,4,1
4962,3,0
4963,4,1
4964,2,1
4965,3,1
4966,2,1
4967,4,1
4968,1,1
4969,1,1
4970,3,1
4971,1,1
4972,1,1
4973,1,1
4974,1,1
4975,1,1
4976,4,0
4977,2,1
4978,4,1
4979,1,1
4980,1,0
4981,2,1
4982,1,1
4983,3,1
4984,2,0
4985,2,1
4986,2,0
4987,2,1
4988,4,1
4989,4,1
4990,3,1
4991,2,1
4992,3,0
4993,4,1
4994,2,1
4995,1,0
4996,3,0
4997,1,1
4998,4,1
4999,1,1
5000,2,1
5001,2,1
5002,2,1
5003,3,0
5004,2,1
5005,1,1
5006,1,0
5007,4,1
5008,1,1
5009,1,1
5010,1,0
5011,1,1
5012,1,1
5013,4,1
5014,1,1
5015,3,1
5016,1,1
5017,1,1
5018,2,0
5019,2,1
5020,1,1
5021,4,0
5022,3,0
5023,2,1
5024,2,1
5025,3,0
5026,1,1
5027,2,1
5028,3,1
5029,4,1
5030,1,1
5031,2,1
5032,2,0
5033,1,1
5034,2,1
5035,1,1
5036,1,1
5037,3,0
5038,1,1
5039,1,1
5040,4,0
5041,2,1
5042,4,1
5043,2,1
5044,1,1
5045,3,1
5046,4,1
5047,4,1
5048,4,1
5049,1,1
5050,3,1
5051,3,0
5052,2,0
5053,2,1
5054,1,1
5055,3,1
5056,2,1
5057,2,1
5058,4,0
5059,1,1
5060,2,1
5061,1,1
5062,4,0
5063,3,1
5064,3,0
5065,3,1
5066,1,0
5067,1,1
5068,1,1
5069,3,0
5070,2,1
5071,4,1
5072,2,1
5073,4,1
5074,3,1
5075,4,1
5076,3,1
5077,2,1
5078,2,1
5079,4,1
5080,1,0
5081,4,1
5082,2,1
5083,2,1
5084,4,1
5085,1,1
5086,3,1
5087,1,1
5088,1,1
5089,4,0
5090,2,0
5091,3,1
5092,4,0
5093,3,1
5094,4,1
5095,1,0
5096,2,0
5097,4,0
5098,1,0
5099,2,1
5100,2,0
5101,1,1
5102,1,1
5103,1,1
5104,3,1
5105,4,1
5106,4,1
5107,1,1
5108,1,1
5109,1,1
5110,4,1
5111,1,1
5112,3,1
5113,4,1
5114,2,0
5115,1,1
5116,4,1
5117,4,1
5118,1,1
5119,4,1
5120,3,1
5121,1,1
5122,2,1
5123,4,0
5124,3,1
5125,1,0
5126,3,1
5127,4,1
5128,3,1
5129,3,0
5130,1,1
5131,1,1
5132,2,0
5133,1,0
5134,4,0
5135,4,1
5136,1,1
5137,4,1
5138,1,1
5139,4,1
5140,2,1
5141,4,0
5142,4,1
5143,4,1
5144,2,1
5145,2,1
5146,2,1
5147,4,0
5148,4,0
5149,2,1
5150,4,1
5151,2,1
5152,3,1
5153,1,1
5154,3,1
5155,1,0
5156,4,0
5157,1,0
5158,2,1
5159,3,1
5160,4,1
5161,1,1
5162,3,1
5163,2,1
5164,2,1
5165,3,1
5166,1,1
5167,3,1
5168,3,1
5169,4,1
5170,2,0
5171,4,1
5172,4,0
5173,2,1
5174,2,1
5175,3,1
5176,2,1
5177,4,0
5178,4,0
5179,4,1
5180,2,1
5181,3,1
5182,4,1
5183,4,0
5184,1,1
5185,1,1
5186,3,1
5187,3,1
5188,1,1
5189,1,1
5190,3,1
5191,3,1
5192,1,1
5193,1,1
5194,2,1
5195,2,0
5196,3,0
5197,4,1
5198,2,0
5199,4,1
5200,2,1
5201,2,0
5202,3,1
5203,4,0
5204,2,0
5205,1,1
5206,1,0
5207,2,0
5208,3,1
5209,2,1
5210,4,1
5211,4,0
5212,1,1
5213,2,1
5214,3,0
5215,1,1
5216,3,1
5217,3,1
5218,3,1
5219,3,1
5220,3,0
5221,2,0
5222,2,1
5223,3,1
5224,1,1
5225,2,1
5226,2,1
5227,1,1
5228,2,1
5229,1,0
5230,4,1
5231,2,1
5232,4,1
5233,2,1
5234,3,1
5235,3,1
5236,1,1
5237,2,0
5238,2,1
5239,4,1
5240,1,1
5241,3,1
5242,4,1
5243,4,1
5244,2,0
5245,4,1
5246,3,1
5247,1,1
5248,3,1
5249,2,1
5250,4,0
5251,4,1
5252,2,1
5253,2,1
5254,1,1
5255,4,1
5256,1,1
5257,1,0
5258,2,1
5259,4,1
5260,3,1
5261,1,1
5262,3,1
5263,1,1
5264,4,1
5265,1,1
5266,3,1
5267,3,1
5268,1,1
5269,2,1
5270,4,0
5271,3,1
5272,1,1
5273,4,1
5274,4,1
5275,2,1
5276,2,1
5277,3,1
5278,4,0
5279,4,0
5280,2,0
5281,2,1
5282,1,1
5283,3,1
5284,1,1
5285,2,0
5286,2,1
5287,1,1
5288,4,1
5289,3,1
5290,4,1
5291,1,1
5292,2,1
5293,2,0
5294,1,1
5295,2,1
5296,4,0
5297,3,1
5298,2,1
5299,4,1
5300,4,0
5301,4,1
5302,2,0
5303,4,0
5304,4,1
5305,1,0
5306,3,1
5307,3,1
5308,3,0
5309,4,1
5310,1,0
5311,3,0
5312,1,0
5313,3,0
5314,1,1
5315,1,0
5316,4,0
5317,3,1
5318,4,1
5319,1,1
5320,4,1
5321,2,1
5322,2,0
5323,3,1
5324,3,1
5325,3,1
5326,3,1
5327,3,1
5328,1,1
5329,3,1
5330,3,1
5331,3,1
5332,4,1
5333,1,1
5334,2,1
5335,3,0
5336,2,1
5337,1,1
5338,1,1
5339,3,1
5340,3,1
5341,3,1
5342,1,1
5343,3,1
5344,3,0
5345,1,0
5346,4,1
5347,3,0
5348,1,1
5349,4,1
5350,3,0
5351,3,1
5352,2,1
5353,3,1
5354,1,1
5355,4,1
5356,2,1
5357,4,1
5358,2,1
5359,4,1
5360,1,1
5361,2,1
5362,3,1
5363,1,1
5364,1,1
5365,4,1
5366,4,1
5367,3,1
5368,4,0
5369,3,1
5370,2,1
5371,4,1
5372,1,0
5373,4,1
5374,3,1
5375,3,1
5376,2,1
5377,1,0
5378,4,1
5379,4,1
5380,2,1
5381,3,0
5382,3,1
5383,2,1
5384,4,1
5385,2,0
5386,2,1
5387,3,1
5388,3,0
5389,1,0
5390,1,0
5391,4,1
5392,1,1
5393,1,1
5394,2,0
5395,1,0
5396,1,1
5397,2,0
5398,4,1
5399,2,1
5400,1,1
5401,1,0
5402,3,0
5403,1,0
5404,4,0
5405,1,1
5406,3,1
5407,2,1
5408,3,0
5409,3,1
5410,4,1
5411,4,1
5412,3,0
5413,3,0
5414,2,0
5415,3,0
5416,3,1
5417,2,1
5418,2,1
5419,1,1
5420,2,1
5421,4,0
5422,2,0
5423,3,1
5424,3,0
5425,3,1
5426,2,1
5427,3,1
5428,1,0
5429,4,1
5430,2,1
5431,1,1
5432,2,0
5433,1,1
5434,2,1
5435,4,1
5436,1,0
5437,2,0
5438,4,0
5439,4,1
5440,4,1
5441,1,1
5442,2,1
5443,2,1
5444,2,1
5445,3,1
5446,2,1
5447,3,1
5448,2,0
5449,1,1
5450,4,0
5451,2,1
5452,4,0
5453,2,1
5454,1,1
5455,4,1
5456,2,1
5457,1,0
5458,3,1
5459,4,1
5460,1,1
5461,3,0
5462,3,1
5463,2,1
5464,4,1
5465,1,0
5466,1,1
5467,3,1
5468,3,1
5469,4,1
5470,1,1
5471,1,1
5472,2,1
5473,4,1
5474,3,1
5475,2,0
5476,3,0
5477,2,1
5478,4,1
5479,3,1
5480,2,1
5481,3,1
5482,1,1
5483,2,0
5484,4,1
5485,1,1
5486,1,0
5487,4,1
5488,1,1
5489,1,1
5490,3,1
5491,3,1
5492,1,1
5493,3,1
5494,1,1
5495,1,1
5496,1,0
5497,3,1
5498,1,1
5499,1,0
5500,1,0
5501,2,1
5502,3,1
5503,1,1
5504,2,1
5505,2,1
5506,4,1
5507,4,1
5508,3,1
5509,4,1
5510,3,0
5511,1,1
5512,4,1
5513,3,1
5514,2,1
5515,2,1
5516,4,1
5517,4,0
5518,3,1
5519,2,1
5520,4,1
5521,1,0
5522,2,1
5523,2,0
5524,4,1
5525,4,1
5526,4,0
5527,1,1
5528,1,0
5529,2,1
5530,4,1
5531,1,1
5532,4,1
5533,2,1
5534,3,1
5535,4,1
5536,4,1
5537,2,0
5538,4,1
5539,1,1
5540,4,1
5541,3,0
5542,4,1
5543,2,1
5544,3,1
5545,4,1
5546,2,1
5547,3,1
5548,3,1
5549,4,0
5550,2,1
5551,3,1
5552,2,1
5553,2,1
5554,2,1
5555,4,1
5556,3,1
5557,1,1
5558,3,0
5559,4,0
5560,3,0
5561,3,1
5562,2,1
5563,1,0
5564,1,1
5565,3,1
5566,4,1
5567,4,1
5568,4,1
5569,3,0
5570,1,1
5571,1,1
5572,4,1
5573,2,1
5574,1,0
5575,4,1
5576,2,1
5577,3,1
5578,2,0
5579,3,1
5580,3,1
5581,3,1
5582,3,1
5583,3,1
5584,3,1
5585,2,1
5586,3,1
5587,2,1
5588,2,1
5589,4,1
5590,1,1
5591,2,1
5592,1,1
5593,3,1
5594,1,1
5595,3,1
5596,4,0
5597,3,0
5598,2,1
5599,1,1
5600,1,1
5601,4,1
5602,3,1
5603,1,1
5604,2,1
5605,3,1
5606,3,0
5607,4,1
5608,4,1
5609,2,1
5610,4,0
5611,1,1
5612,2,1
5613,2,1
5614,3,1
5615,1,0
5616,1,1
5617,1,0
5618,3,1
5619,3,1
5620,4,1
5621,1,1
5622,3,1
5623,4,1
5624,1,0
5625,4,0
5626,4,1
5627,2,0
5628,2,1
5629,2,0
5630,3,1
5631,2,1
5632,3,1
5633,2,1
5634,4,1
5635,3,1
5636,2,1
5637,2,1
5638,1,0
5639,4,1
5640,1,1
5641,3,1
5642,3,1
5643,2,1
5644,4,1
5645,3,1
5646,4,1
5647,3,1
5648,2,1
5649,4,0
5650,1,0
5651,3,1
5652,2,1
5653,4,0
5654,2,1
5655,3,1
5656,4,1
5657,2,1
5658,3,1
5659,2,1
5660,2,1
5661,3,1
5662,1,0
5663,4,0
5664,2,1
5665,2,0
5666,4,1
5667,2,1
5668,4,1
5669,2,1
5670,1,1
5671,3,1
5672,1,0
5673,1,1
5674,4,1
5675,2,1
5676,4,0
5677,3,1
5678,3,0
5679,1,1
5680,2,1
5681,4,0
5682,4,0
5683,3,0
5684,2,1
5685,4,1
5686,2,1
5687,1,1
5688,2,0
5689,2,1
5690,3,1
5691,1,1
5692,2,1
5693,1,1
5694,2,1
5695,2,0
5696,3,0
5697,1,1
5698,1,0
5699,4,1
5700,2,1
5701,3,0
5702,4,1
5703,4,1
5704,2,0
5705,4,1
5706,4,1
5707,1,0
5708,2,1
5709,3,1
5710,2,1
5711,3,1
5712,1,0
5713,4,0
5714,4,1
5715,3,1
5716,1,1
5717,3,1
5718,1,1
5719,3,1
5720,3,1
5721,3,0
5722,3,0
5723,3,1
5724,3,0
5725,2,1
5726,4,1
5727,3,1
5728,1,1
5729,4,1
5730,1,0
5731,1,0
5732,1,1
5733,3,0
5734,4,1
5735,4,1
5736,3,1
5737,2,1
5738,4,1
5739,4,0
5740,1,0
5741,1,1
5742,2,1
5743,1,1
5744,2,0
5745,3,1
5746,1,1
5747,3,1
5748,1,1
5749,3,1
5750,3,1
5751,3,0
5752,2,1
5753,3,1
5754,3,1
5755,1,0
5756,4,1
5757,2,1
5758,3,1
5759,2,0
5760,1,1
5761,2,1
5762,4,1
5763,3,0
5764,2,1
5765,4,1
5766,1,1
5767,4,1
5768,2,1
5769,1,0
5770,2,1
5771,2,1
5772,3,1
5773,2,1
5774,2,1
5775,4,1
5776,2,0
5777,4,0
5778,2,1
5779,4,1
5780,3,0
5781,3,1
5782,3,0
5783,4,1
5784,2,0
5785,4,0
5786,3,0
5787,3,0
5788,2,1
5789,2,1
5790,1,1
5791,2,1
5792,4,1
5793,1,0
5794,3,1
5795,1,1
5796,2,1
5797,4,0
5798,1,1
5799,3,1
5800,3,1
5801,4,1
5802,1,0
5803,1,0
5804,3,1
5805,2,1
5806,3,0
5807,4,1
5808,3,1
5809,3,0
5810,3,1
5811,2,1
5812,1,1
5813,4,1
5814,4,1
5815,4,1
5816,4,0
5817,3,1
5818,3,0
5819,2,1
5820,1,1
5821,3,0
5822,2,1
5823,1,1
5824,4,1
5825,4,0
5826,1,1
5827,2,0
5828,3,1
5829,2,1
5830,4,0
5831,1,0
5832,2,1
5833,2,1
5834,2,1
5835,1,1
5836,1,0
5837,1,1
5838,3,0
5839,4,1
5840,3,1
5841,2,0
5842,3,1
5843,3,1
5844,3,1
5845,1,1
5846,3,0
5847,1,1
5848,2,1
5849,1,1
5850,2,0
5851,4,0
5852,3,1
5853,4,1
5854,2,1
5855,3,1
5856,1,1
5857,1,1
5858,3,1
5859,4,0
5860,2,0
5861,3,1
5862,3,0
5863,1,1
5864,1,1
5865,3,1
5866,2,1
5867,4,1
5868,1,1
5869,4,1
5870,1,1
5871,1,1
5872,3,1
5873,3,1
5874,3,1
5875,3,1
5876,4,1
5877,1,1
5878,4,1
5879,2,1
5880,1,1
5881,1,1
5882,1,0
5883,1,1
5884,2,1
5885,1,1
5886,4,1
5887,2,1
5888,4,1
5889,2,1
5890,4,1
5891,2,1
5892,3,1
5893,4,1
5894,4,1
5895,3,1
5896,1,1
5897,2,0
5898,2,1
5899,1,1
5900,1,1
5901,4,1
5902,3,0
5903,1,0
5904,4,1
5905,1,1
5906,3,1
5907,4,0
5908,4,0
5909,1,1
5910,3,1
5911,4,0
5912,2,1
5913,3,1
5914,4,1
5915,2,1
5916,1,0
5917,2,1
5918,2,1
5919,1,0
5920,3,1
5921,1,1
5922,2,1
5923,3,1
5924,2,1
5925,2,1
5926,3,0
5927,1,1
5928,1,1
5929,1,1
5930,2,1
5931,3,0
5932,2,1
5933,1,1
5934,4,1
5935,3,1
5936,1,1
5937,2,1
5938,4,1
5939,2,1
5940,4,1
5941,4,1
5942,3,1
5943,4,1
5944,4,1
5945,2,1
5946,4,0
5947,1,1
5948,3,1
5949,3,0
5950,4,1
5951,3,1
5952,1,1
5953,3,1
5954,1,0
5955,2,1
5956,4,1
5957,2,1
5958,1,0
5959,2,0
5960,3,1
5961,4,1
5962,2,0
5963,2,1
5964,3,1
5965,2,1
5966,3,1
5967,2,1
5968,2,1
5969,2,1
5970,3,0
5971,4,1
5972,1,1
5973,4,0
5974,1,1
5975,2,1
5976,3,1
5977,4,1
5978,4,1
5979,4,1
5980,2,0
5981,1,1
5982,1,1
5983,2,0
5984,3,1
5985,3,1
5986,4,1
5987,4,0
5988,1,1
5989,1,1
5990,2,0
5991,3,1
5992,4,1
5993,3,0
5994,3,1
5995,2,1
5996,3,0
5997,1,1
5998,4,1
5999,2,1
